Year,Susceptibility to R6 Strains,Susceptibility to non-R6 Strains,Mildew Incidence,DiseaseinApril,DiseaseinMay,DiseaseinJune,DiseaseinJuly,Flag shoot incidence,Pruning Quality Final,Initial Strain,Annual_costs,Active_ingredient,Weighted_dc_aprmay1,Weighted_dc_aprmay2,Weighted_dc_mayjun1,Weighted_dc_mayjun2,Weighted_dc_junjul1,Weighted_dc_junjul2,Monthly_cost_June,Monthly_cost_July,Quadrant,Synthetic,Nonsynthetic,Mixture,SyntheticinApril,SyntheticinMay,SyntheticinJune,SyntheticinJuly,NonsyntheticinApril,NonsyntheticinMay,NonsyntheticinJune,NonsyntheticinJuly,MixtureinApril,MixtureinMay,MixtureinJune,MixtureinJuly,Monthly_ingredient_June,Monthly_ingredient_July
2014,1,1,0.0025,0,0,0,0.01,0,3,0,619.8915,8,1.97E-58,8.00E-41,0.001583813,1.124863975,0.128546287,0.113086495,49.83042719,164.2583024,SouthWest,3,5,1,0,0,1,1,0,2,2,1,0,0,0,1,3,2
2014,4,4,0.0025,0,0,0,0.01,0,3,0,619.8915,8,1.08E-57,2.07E-40,0.001587391,1.046818054,0.131965422,0.110484304,49.83042719,164.2583024,SouthWest,3,5,1,0,0,1,1,0,2,2,1,0,0,0,1,3,2
2014,4,4,0.0025,0,0,0,0.01,0,3,0,619.8915,8,1.40E-58,6.19E-41,0.001423334,1.117906323,0.116273892,0.106865881,49.83042719,164.2583024,SouthWest,3,5,1,0,0,1,1,0,2,2,1,0,0,0,1,3,2
2014,2,2,0.0375,0,0,0.05,0.1,0,4,0,619.8915,8,8.66E-62,8.54E-43,0.001310319,2.177680403,0.143788389,0.179248198,49.83042719,164.2583024,SouthWest,3,5,1,0,0,1,1,0,2,2,1,0,0,0,1,3,2
2014,1,1,0,0,0,0,0,0,3,0,619.8915,8,2.18E-57,3.15E-40,0.001693279,1.001892216,0.133376321,0.101928285,49.83042719,164.2583024,SouthEast,3,5,1,0,0,1,1,0,2,2,1,0,0,0,1,3,2
2014,1,1,0,0,0,0,0,0,3,0,619.8915,8,1.68E-59,1.90E-41,0.001228994,0.416317351,0.067132341,0.049120535,49.83042719,164.2583024,SouthWest,3,5,1,0,0,1,1,0,2,2,1,0,0,0,1,3,2
2014,4,4,0.0075,0,0,0.01,0.02,0,4,0,619.8915,8,1.06E-61,9.32E-43,0.001365589,2.015799751,0.13401018,0.151117943,49.83042719,164.2583024,SouthWest,3,5,1,0,0,1,1,0,2,2,1,0,0,0,1,3,2
2014,1,1,0.04,0,0,0,0.16,0,2,0,619.8915,8,3.30E-14,5.20E-15,0.013857987,54.63776451,0.68621229,0.584805499,49.83042719,164.2583024,SouthEast,3,5,1,0,0,1,1,0,2,2,1,0,0,0,1,3,2
2014,2,2,0.045,0,0.01,0.1,0.07,0,5,1,619.8915,8,1.34E-09,3.29E-12,0.011638596,31.07146683,1.318878721,2.013827883,49.83042719,164.2583024,NorthEast,3,5,1,0,0,1,1,0,2,2,1,0,0,0,1,3,2
2014,2,2,0.06,0,0.13,0.09,0.02,0,3,1,619.8915,8,1.64E-12,5.07E-14,0.014931371,71.77848808,0.804457341,0.785111473,49.83042719,164.2583024,SouthEast,3,5,1,0,0,1,1,0,2,2,1,0,0,0,1,3,2
2014,4,4,0.1525,0.01,0,0.48,0.12,0,3,0,915.9638196,10,1.34E-09,3.34E-12,0.007241303,17.921869,0.882314517,1.394129734,49.83042719,460.3306219,NorthEast,4,6,2,0,0,2,1,0,2,3,1,0,0,1,1,5,2
2014,1,1,0.01,0,0,0.03,0.01,0,3,0,619.8915,8,2.39E-21,5.20E-21,0.007601571,20.82987945,0.557666879,0.559767209,49.83042719,164.2583024,SouthEast,3,5,1,0,0,1,1,0,2,2,1,0,0,0,1,3,2
2014,3,3,0.1125,0,0,0.36,0.09,0,5,0,619.8915,8,2.39E-18,4.27E-19,0.008743409,22.56166606,1.3000913,1.669943165,49.83042719,164.2583024,NorthEast,3,5,1,0,0,1,1,0,2,2,1,0,0,0,1,3,2
2014,3,3,0.0525,0,0.03,0.04,0.14,0,3,2,619.8915,8,4.11E-23,2.26E-21,0.020114392,108.0885165,0.803952846,0.769736392,49.83042719,164.2583024,SouthEast,3,5,1,0,0,1,1,0,2,2,1,0,0,0,1,3,2
2014,1,1,0,0,0,0,0,0,3,0,619.8915,8,1.95E-69,1.94E-45,0.001075496,0.904075968,0.086774285,0.078156042,49.83042719,164.2583024,SouthWest,3,5,1,0,0,1,1,0,2,2,1,0,0,0,1,3,2
2014,1,1,0.0125,0,0,0.01,0.04,0,3,0,619.8915,8,4.69E-69,3.33E-45,0.001395075,1.467044266,0.167164874,0.157599612,49.83042719,164.2583024,SouthEast,3,5,1,0,0,1,1,0,2,2,1,0,0,0,1,3,2
2014,4,4,0.0125,0,0,0.02,0.03,0,4,0,619.8915,8,2.45E-73,1.03E-47,0.000802491,0.764269149,0.202011412,0.241234062,49.83042719,164.2583024,SouthWest,3,5,1,0,0,1,1,0,2,2,1,0,0,0,1,3,2
2014,1,1,0.0075,0,0,0.01,0.02,0,3,0,619.8915,8,7.18E-22,1.25E-17,0.011411533,9.130810005,0.709669434,0.269871885,49.83042719,164.2583024,SouthEast,3,5,1,0,0,1,1,0,2,2,1,0,0,0,1,3,2
2014,1,1,0.0125,0,0,0,0.05,0,5,0,619.8915,8,2.59E-19,4.03E-16,0.012142611,14.37799218,0.954752153,0.461045,49.83042719,164.2583024,SouthEast,3,5,1,0,0,1,1,0,2,2,1,0,0,0,1,3,2
2014,4,4,0.04,0,0.01,0.02,0.13,0,5,1,619.8915,8,2.21E-23,1.74E-18,0.011424388,7.325569833,0.790653776,0.26057806,49.83042719,164.2583024,SouthEast,3,5,1,0,0,1,1,0,2,2,1,0,0,0,1,3,2
2014,3,3,0,0,0,0,0,0,3,0,619.8915,8,2.88E-66,1.41E-43,0.001529127,0.954264832,0.114274206,0.068201916,49.83042719,164.2583024,SouthEast,3,5,1,0,0,1,1,0,2,2,1,0,0,0,1,3,2
2014,3,3,0.059375,0,0.0075,0.11,0.12,0,4,1,619.8915,8,2.88E-72,4.45E-47,0.00202592,9.768505972,0.34251402,0.465842374,49.83042719,164.2583024,SouthWest,3,5,1,0,0,1,1,0,2,2,1,0,0,0,1,3,2
2014,4,4,0.6,0.03,0.38,1,0.99,0.02,5,1,681.5423949,8,9.83E-08,2.91E-09,0.095437193,281.3740149,5.979425084,7.391318329,36.04928117,121.6627831,NorthEast,3,5,2,0,0,0,2,1,1,1,1,0,0,0,1,1,3
2014,2,0,0.045,0,0.01,0.08,0.09,0,2,2,161.6129119,5,8.97E-19,3.54E-22,0.006229996,42.07541524,1.080056911,1.498757291,134.8795338,0,NorthEast,1,4,0,0,1,0,0,0,3,0,1,0,0,0,0,0,0
2014,4,0,0.135,0,0,0.12,0.42,0,5,0,1131.950133,13,2.73E-25,5.58E-26,0.002837135,3.490225765,0.576191435,0.519090944,89.5160374,116.7022578,SouthEast,5,8,4,0,0,1,1,0,2,1,2,0,0,0,1,2,3
2014,4,0,0.3425,0,0,0.55,0.82,0,5,0,1131.950133,13,3.65E-25,6.78E-26,0.003584394,5.394458175,0.888908703,0.90536169,89.5160374,116.7022578,SouthEast,5,8,4,0,0,1,1,0,2,1,2,0,0,0,1,2,3
2014,1,1,0,0,0,0,0,0,5,0,98.14103417,4,1.24E-26,9.59E-27,0.004021278,8.585094431,0.669538413,0.491325374,18.02464059,44.06711242,SouthEast,1,3,0,0,0,1,0,1,1,0,1,0,0,0,0,1,1
2014,3,3,0.3475,0,0.12,0.88,0.39,0,2,2,676.5237332,10,1.29E-09,1.01E-16,0.005506363,80.27641081,2.587277174,2.941342064,18.02464059,303.8756968,NorthEast,6,4,3,0,0,3,1,0,1,2,1,0,0,2,1,5,2
2014,5,0,0.4375,0.03,0.07,0.94,0.71,0.03,4,2,1733.358983,17,1.29E-09,1.01E-16,0.000563395,18.62105062,0.245778945,0.925154568,6.356478492,401.3594129,NorthEast,8,9,5,0,0,3,3,0,1,2,3,0,0,1,3,5,6
2014,4,0,0.295,0,0,0.82,0.36,0,2,0,1249.933725,12,6.58E-121,5.63E-81,0.002837858,20.62413728,1.782903477,3.491032133,89.5160374,147.9000991,NorthEast,5,7,2,0,0,1,1,0,2,2,1,0,0,0,0,3,2
2014,4,4,0.1525,0,0,0.47,0.14,0,4,0,1408.945203,15,1.46E-123,1.55E-82,0.00132603,9.527720177,0.228301342,0.520134344,126.1724841,70.50737987,NorthEast,7,8,4,0,0,1,4,0,4,0,3,0,0,0,3,1,7
2014,3,3,0.4825,0,0.06,0.87,1,0.01,4,2,792.2541997,10,9.92E-125,3.30E-83,0.047123765,121.385811,9.160026188,8.320706115,108.1478435,143.5865834,NorthEast,4,6,2,0,0,1,1,0,4,1,1,0,0,1,1,2,2
2014,4,0,0,0,0,0,0,0,1,0,181.0814462,6,4.83E-85,4.50E-59,0.00000357,8.47E-08,0.035086802,0.003517982,6.356478492,12.71295698,NorthWest,2,4,0,0,0,0,0,0,1,2,1,0,0,0,0,2,1
2014,4,0,0,0,0,0,0,0,1,0,181.0814462,6,3.64E-109,1.30E-72,0.00000024,6.66E-11,0.003962229,0.0000602,6.356478492,12.71295698,NorthWest,2,4,0,0,0,0,0,0,1,2,1,0,0,0,0,2,1
2014,3,3,0.0025,0,0,0,0.01,0,3,0,168.3684892,4,7.83E-88,9.74E-61,0.00000304,4.28E-08,0.040296389,0.004718068,6.356478492,6.356478492,NorthWest,2,2,0,0,0,0,1,0,1,1,0,0,0,0,0,1,1
2014,4,4,0,0,0,0,0,0,2,0,177.1819117,4,1.13E-79,5.06E-56,0.00000584,0.000000377,0.021294053,0.001004063,6.356478492,0,NorthWest,2,2,0,0,0,0,0,0,1,0,1,0,0,0,0,0,0
2014,4,4,0,0,0,0,0,0,2,0,177.1819117,4,3.09E-82,1.81E-57,0.00000465,0.000000185,0.026544225,0.001857707,6.356478492,0,NorthWest,2,2,0,0,0,0,0,0,1,0,1,0,0,0,0,0,0
2014,3,3,0.01,0,0,0.02,0.02,0,5,2,170.8254332,3,4.15E-103,1.65E-69,0.000000963,7.87E-10,0.121457577,0.011152944,0,6.356478492,NorthWest,2,1,0,0,0,0,1,0,0,1,0,0,0,0,0,0,1
2014,4,0,0,0,0,0,0,0,1,0,174.7249677,5,1.07E-84,6.34E-59,0.00000363,9.16E-08,0.001304465,0.00000108,6.356478492,12.71295698,NorthWest,2,3,0,0,0,0,0,0,1,2,0,0,0,0,0,2,0
2014,3,3,0,0,0,0,0,0,3,0,168.3684892,4,4.85E-90,5.26E-62,0.00000255,2.39E-08,0.000880029,0.000000482,6.356478492,6.356478492,NorthWest,2,2,0,0,0,0,1,0,1,1,0,0,0,0,0,1,1
2014,3,3,0,0,0,0,0,0,2,0,168.3684892,4,3.01E-54,1.86E-40,0.00000849,0.0000639,0.00279829,0.0000382,6.356478492,6.356478492,NorthWest,2,2,0,0,0,0,1,0,1,1,0,0,0,0,0,1,1
2014,1,1,0,0,0,0,0,0,2,0,177.1819117,4,9.13E-54,3.86E-40,0.00000669,0.0000561,0.002580691,0.0000368,6.356478492,6.356478492,NorthWest,2,2,0,0,0,0,0,0,1,1,0,0,0,0,0,1,0
2014,2,2,0.0025,0,0,0,0.01,0,4,0,249.1928613,12,7.50E-27,3.17E-24,0.000233452,0.798643934,2.52251457,1.915253553,12.71295698,86.40063897,NorthEast,2,10,0,0,0,0,0,0,3,7,0,0,0,0,0,7,0
2014,1,1,0,0,0,0,0,0,1,0,94.34623706,9,5.64E-29,7.99E-26,0.0002124,0.315362994,1.608531857,0.929310811,25.97023871,50.35135779,NorthEast,0,9,0,0,0,0,0,0,3,5,1,0,0,0,0,5,1
2014,3,3,0,0,0,0,0,0,5,0,22.79199945,2,1.34E-26,3.51E-24,0.000250216,0.738405549,2.385867194,1.839799739,0,22.79199946,NorthEast,0,2,0,0,0,0,0,0,0,2,0,0,0,0,0,0,0
2014,0,0,0,0,0,0,0,0,1,0,94.34623706,9,6.05E-29,6.42E-26,0.000210815,0.284044926,1.479987454,0.827101932,25.97023871,50.35135779,NorthEast,0,9,0,0,0,0,0,0,3,5,1,0,0,0,0,5,1
2014,1,1,0,0,0,0,0,0,1,0,43.99487929,4,1.63E-22,1.13E-21,0.000318735,2.139106326,3.551031178,4.042442229,3.178239246,22.79199946,NorthEast,0,4,0,0,0,0,0,0,1,2,1,0,0,0,0,2,1
2014,1,1,0.0025,0,0,0.01,0,0,3,0,43.99487929,4,3.07E-22,9.87E-22,0.000336849,1.719250862,3.07604345,3.413327714,3.178239246,22.79199946,NorthEast,0,4,0,0,0,0,0,0,1,2,1,0,0,0,0,2,1
2014,4,0,0.075,0,0,0.14,0.16,0,4,0,172.6322107,9,6.35E-27,5.98E-24,0.00021923,1.740918141,1.647933906,1.218419012,7.945598115,50.35135779,NorthEast,1,8,0,0,0,0,0,0,2,5,1,0,0,0,0,5,1
2014,4,0,0.0825,0,0,0.08,0.25,0,2,0,172.6322107,9,9.72E-25,1.11E-22,0.000256239,2.905136668,1.849310974,1.65940519,7.945598115,68.37599838,NorthEast,1,8,0,0,0,0,0,0,2,6,0,0,0,0,0,6,0
2014,4,0,0.1175,0,0,0.07,0.4,0,1,0,226.4008618,10,9.02E-22,1.14E-21,0.000344058,1.585221963,2.618929254,2.951778885,7.945598115,68.37599838,NorthEast,2,8,0,0,0,0,0,0,2,6,0,0,0,0,0,6,0
2014,4,0,0.025,0,0,0.1,0,0,4,0,154.6075701,8,1.97E-24,1.51E-22,0.000267049,2.568180795,2.381533247,2.145953845,7.945598115,32.3267172,NorthEast,1,7,0,0,0,0,0,0,2,4,1,0,0,0,0,4,1
2014,5,0,0.1075,0,0,0,0.43,0,2,0,588.6236279,8,3.57E-98,1.49E-67,0.00000306,5.84E-09,0.101537218,0.039164722,0,21.6295687,NorthWest,4,4,1,0,0,0,1,0,0,1,2,0,0,0,0,0,3
2014,4,0,0.0025,0,0,0,0.01,0,2,0,588.6236279,8,1.94E-98,1.05E-67,0.00000299,5.45E-09,0.08589414,0.028899603,0,21.6295687,NorthWest,4,4,1,0,0,0,1,0,0,1,2,0,0,0,0,0,3
2014,4,4,0.0475,0,0,0,0.19,0,3,0,588.6236279,8,5.75E-98,1.96E-67,0.00000321,6.03E-09,0.102861379,0.043332226,0,21.6295687,NorthWest,4,4,1,0,0,0,1,0,0,1,2,0,0,0,0,0,3
2014,4,0,0.115,0,0,0.03,0.43,0,2,2,588.6236279,8,6.80E-97,8.02E-67,0.00000337,7.80E-09,0.14059202,0.079145239,0,21.6295687,NorthWest,4,4,1,0,0,0,1,0,0,1,2,0,0,0,0,0,3
2014,3,3,0.005,0,0,0,0.02,0,1,0,390.5186827,6,1.86E-95,4.93E-66,0.00000392,1.19E-08,0.148358426,0.054626025,0,21.6295687,NorthWest,2,4,1,0,0,0,0,0,0,1,2,0,0,0,0,0,2
2014,4,0,0.06,0,0,0.06,0.18,0,2,2,360.1029869,5,5.20E-94,3.25E-65,0.00000439,1.74E-08,0.428418214,0.131734122,0,21.6295687,NorthWest,2,3,1,0,0,0,0,0,0,1,1,0,0,0,0,0,1
2014,1,1,0,0,0,0,0,0,3,0,205.3100205,4,1.85E-92,2.56E-64,0.00000514,2.73E-08,0.057272306,0.015019089,0,21.6295687,NorthWest,1,3,0,0,0,0,0,0,0,1,2,0,0,0,0,0,2
2014,4,0,0.0075,0,0,0.02,0.01,0,2,2,353.7465084,4,2.79E-91,1.25E-63,0.00000492,3.37E-08,0.242134993,0.03540531,0,21.6295687,NorthWest,2,2,1,0,0,0,0,0,0,1,0,0,0,0,0,0,0
2014,3,3,0,0,0,0,0,0,1,0,390.5186827,6,1.53E-96,1.09E-66,0.00000361,8.85E-09,0.000196684,5.25E-08,0.00E+00,21.6295687,NorthWest,2,4,1,0,0,0,0,0,0,1,2,0,0,0,0,0,2
2014,3,3,0,0,0,0,0,0,2,0,205.3100205,4,7.97E-106,5.24E-72,0.00000196,8.33E-10,0.0000609,6.26E-09,0.00E+00,21.6295687,NorthWest,1,3,0,0,0,0,0,0,0,1,2,0,0,0,0,0,2
2014,1,1,0,0,0,0,0,0,3,0,352.2182979,5,3.66E-106,3.44E-72,0.00000184,7.60E-10,0.0000679,6.79E-09,0.00E+00,21.6295687,NorthWest,2,3,0,0,0,0,0,0,0,1,2,0,0,0,0,0,2
2014,4,4,0.0025,0,0,0,0.01,0,1,0,615.672063,10,2.49E-188,2.32E-120,0.000711212,0.169616355,0.090862655,0.034497278,0,265.7304321,SouthEast,4,6,0,0,0,1,1,0,0,4,2,0,0,0,0,0,3
2014,2,2,0,0,0,0,0,0,1,0,611.7720583,9,5.05E-189,9.04E-121,0.000694124,0.156845875,0.087891366,0.03269904,0,265.7304321,SouthEast,3,6,1,0,0,1,2,0,0,4,1,0,0,0,1,0,3
2014,1,1,0.005,0,0,0,0.02,0,2,0,611.7720583,9,2.53E-187,1.02E-119,0.000534569,0.140808178,0.091585335,0.035669074,0,265.7304321,SouthEast,3,6,1,0,0,1,2,0,0,4,1,0,0,0,1,0,3
2014,0,0,0,0,0,0,0,0,1,0,231.1559311,7,6.57E-186,6.84E-119,0.000292884,0.095914797,0.099359899,0.041881044,0,78.1497702,SouthEast,2,5,0,0,0,1,1,0,0,4,0,0,0,0,0,0,1
2014,1,1,0.0075,0,0,0.01,0.02,0,3,1,707.7860817,11,1.98E-188,1.94E-120,0.001421653,4.787012545,0.296838949,0.297466804,0,125.8233589,SouthEast,5,6,0,0,0,1,1,0,0,4,1,0,0,0,0,0,2
2014,3,3,0.022809278,0,0,0.05,0.041237113,0,2,1,410.0667605,7,1.38E-187,5.84E-120,0.000530532,3.064286231,0.260415758,0.212048823,0,69.13744991,SouthEast,4,3,0,0,0,1,1,0,0,2,1,0,0,0,0,0,2
2014,3,3,0.0025,0,0,0.01,0,0,1,0,556.4118187,10,2.61E-185,1.33E-118,0.00044037,1.971338516,0.140823727,0.156952974,9.012320293,18.54703803,SouthEast,5,5,1,0,0,0,2,0,1,3,1,0,0,0,1,3,3
2014,3,3,0.0025,0,0,0,0.01,0,2,0,484.7595319,5,1.61E-186,2.56E-119,0.001477225,7.173168158,0.242355313,0.288162208,0,53.76865112,SouthEast,4,1,0,0,0,1,1,0,0,0,0,0,0,0,0,0,1
2014,3,3,0.0175,0,0,0.04,0.03,0,1,0,841.2732996,10,9.14E-186,7.02E-119,0.00128885,6.036553246,0.258058876,0.278153973,12.19055954,53.76865112,SouthEast,6,4,1,0,0,1,1,0,2,0,1,0,0,0,0,1,2
2014,1,1,0.0025,0,0,0,0.01,0,1,0,428.0914011,10,9.07E-185,2.76E-118,0.000614977,1.665935797,0.165446666,0.142671703,12.19055954,74.97153095,SouthEast,4,6,0,0,0,1,1,0,2,3,1,0,0,0,0,4,2
2014,1,1,0,0,0,0,0,0,3,0,403.710282,6,2.14E-192,9.26E-123,0.000995706,1.274080955,0.153722257,0.1418033,0,53.76865112,SouthEast,4,2,0,0,0,1,1,0,0,0,2,0,0,0,0,0,3
2014,3,3,0.0175,0,0,0.02,0.05,0,1,0,653.3501499,8,1.46E-191,2.92E-122,0.001041203,1.673246484,0.222503631,0.203539471,12.19055954,53.76865112,SouthEast,4,4,0,0,0,1,1,0,2,0,1,0,0,0,0,1,2
2014,3,3,0.0125,0,0,0,0.05,0,2,0,706.076121,12,1.38E-191,2.81E-122,0.00118685,2.737131512,0.188665098,0.195807934,12.19055954,65.95921066,SouthEast,6,6,1,0,0,1,2,0,2,2,1,0,0,0,1,3,3
2014,3,3,0.0125,0,0,0.03,0.02,0,2,1,425.4355593,9,4.07E-195,2.47E-124,0.004520066,38.95977089,0.258921913,0.36661338,0,84.50624869,SouthEast,4,5,0,0,0,1,1,0,0,4,1,0,0,0,0,0,2
2014,3,3,0.01,0,0,0,0.04,0,5,0,156.7425463,3,6.49E-195,3.26E-124,0.002884557,20.18426538,0.197501903,0.272253839,0,53.76865112,SouthEast,2,1,0,0,0,1,0,0,0,0,1,0,0,0,0,0,1
2014,3,3,0.0275,0,0,0.05,0.06,0,2,1,403.710282,6,4.13E-195,2.61E-124,0.001886248,9.808746293,0.27401551,0.343892722,0,62.78097141,SouthEast,4,2,0,0,0,1,1,0,0,1,1,0,0,0,0,0,2
2014,4,0,0.0075,0,0,0.03,0,0,2,2,563.0729215,10,2.10E-195,1.86E-124,0.001741174,5.867851801,0.236476308,0.33682028,0,78.1497702,SouthEast,5,5,1,0,0,1,3,0,0,4,1,0,0,0,1,0,4
2014,0,0,0,0,0,0,0,0,1,0,227.9776919,6,3.60E-199,1.18E-126,0.00294542,10.58585323,0.149523201,0.153788888,0,65.95921066,SouthEast,2,4,0,0,0,1,1,0,0,2,1,0,0,0,0,0,2
2014,3,3,0.01,0,0,0.01,0.03,0,3,1,406.8885213,7,9.30E-199,2.04E-126,0.003283297,14.41886197,0.267875846,0.26049054,0,65.95921066,SouthEast,4,3,0,0,0,1,1,0,0,2,1,0,0,0,0,0,2
2014,1,1,0.0025,0,0,0.01,0,0,4,2,307.0928654,5,1.20E-199,6.07E-127,0.0040018,14.89190931,0.142554221,0.125641296,0,69.13744991,SouthEast,3,2,0,0,0,1,1,0,0,2,0,0,0,0,0,0,1
2014,3,3,0.0825,0,0.04,0.13,0.16,0,2,1,410.0667605,7,4.59E-192,1.49E-122,0.038057664,149.4462978,2.924806301,2.629459222,0,69.13744991,SouthEast,4,3,0,0,0,1,1,0,0,2,1,0,0,0,0,0,2
2014,3,3,0.0025,0,0,0,0.01,0,1,0,644.3378296,7,8.68E-191,7.81E-122,6.86E-09,4.71E-19,0.00000005,1.42E-15,0.00E+00,65.95921066,SouthEast,4,3,0,0,0,1,1,0,0,2,0,0,0,0,0,0,1
2014,1,1,0,0,0,0,0,0,1,0,747.3117247,9,3.29E-190,1.72E-121,7.54E-09,5.74E-19,5.83E-08,1.74E-15,0.00E+00,65.95921066,SouthEast,5,4,1,0,0,1,2,0,0,2,1,0,0,0,1,0,3
2014,3,3,0.005,0,0,0,0.02,0,3,0,500.8500962,8,1.75E-183,1.56E-117,1.04E-08,2.73E-18,8.67E-08,4.75E-15,0.00E+00,65.95921066,SouthWest,5,3,0,0,0,1,1,0,0,2,1,0,0,0,0,0,2
2014,4,4,0,0,0,0,0,0,4,0,406.8885213,7,8.52E-178,3.24E-114,1.52E-08,1.16E-17,0.000000148,1.42E-14,0.00E+00,65.95921066,SouthWest,4,3,0,0,0,1,1,0,0,2,1,0,0,0,0,0,2
2014,0,0,0,0,0,0,0,0,1,0,218.9653716,5,1.20E-177,3.97E-114,1.54E-08,1.20E-17,0.000000149,1.45E-14,0.00E+00,65.95921066,SouthWest,2,3,0,0,0,1,1,0,0,2,0,0,0,0,0,0,1
2014,5,0,0.0825,0,0,0.28,0.05,0,4,0,393.2230045,9,1.69E-18,1.62E-19,0.000592012,4.958057043,4.666358536,5.883320697,3.178239246,192.3507942,NorthEast,3,6,0,0,0,0,0,0,1,5,0,0,0,0,0,5,0
2014,4,0,0.325,0,0,1,0.3,0,3,0,404.8911666,8,4.61E-20,3.53E-20,0.00057654,4.786314741,19.68947413,14.43974876,3.178239246,204.0189563,NorthEast,3,5,0,0,0,0,0,0,1,4,0,0,0,0,0,4,0
2014,1,1,0,0,0,0,0,0,4,0,264.9944838,9,6.87E-19,3.03E-19,0.000591451,13.18960275,0.624856169,1.525452327,6.356478492,60.94403434,NorthWest,3,6,0,0,0,0,0,0,1,5,0,0,0,0,0,5,0
2014,3,3,0.0225,0,0.01,0.02,0.06,0.01,3,2,405.8100852,10,5.78E-13,9.04E-16,0.000972617,17.11089982,0.627599737,1.546701099,3.178239246,40.27231531,NorthWest,4,6,1,0,0,0,1,0,1,4,1,0,0,0,1,4,2
2014,3,3,0.0175,0,0,0.01,0.06,0,4,0,261.8162446,9,4.84E-10,2.89E-14,0.000926259,22.54068003,0.649825151,1.7909572,3.178239246,60.94403434,NorthWest,3,6,0,0,0,0,0,0,1,5,0,0,0,0,0,5,0
2014,4,0,0.13,0,0,0.4,0.12,0,1,0,588.5002855,12,5.48E-16,1.62E-17,0.000605085,6.88071517,1.004869316,2.401386991,3.178239246,58.29695589,NorthWest,5,7,2,0,0,0,2,0,1,4,2,0,0,0,2,4,4
2014,4,0,0.2775,0,0,0.75,0.36,0,4,0,740.5787644,13,5.46E-09,4.49E-15,0.000833416,25.23046465,1.349500633,3.263920999,3.178239246,210.3754348,NorthWest,5,8,2,0,0,0,2,0,1,5,2,0,0,0,2,5,4
2014,4,0,0.2425,0,0,0.49,0.48,0,3,0,740.5787644,13,5.02E-13,3.74E-17,0.000682587,10.34328082,1.747004587,4.337309852,3.178239246,210.3754348,NorthWest,5,8,2,0,0,0,2,0,1,5,2,0,0,0,2,5,4
2014,4,4,0.0025,0,0,0.01,0,0,4,0,570.4756449,12,6.28E-09,1.45E-13,0.000469871,13.08915919,0.18547131,0.454706714,3.178239246,40.27231531,NorthWest,5,7,2,0,0,0,2,0,1,4,2,0,0,0,2,4,4
2014,4,0,0.2775,0,0,0.89,0.22,0,3,0,570.4756449,12,2.45E-14,4.14E-17,0.000744028,9.333139368,2.787059181,8.096288434,3.178239246,40.27231531,NorthWest,5,7,2,0,0,0,2,0,1,4,2,0,0,0,2,4,4
2014,3,3,0.05,0,0.01,0.09,0.1,0,5,2,200.4894405,8,1.19E-20,3.02E-20,0.001021233,30.62891253,0.78502479,1.20636667,6.356478492,48.76223815,NorthWest,2,6,0,0,0,0,0,0,1,3,2,0,0,0,0,3,2
2014,5,0,0.1925,0,0.03,0.3,0.44,0,5,2,393.2230045,9,0.00000127,7.01E-13,0.009155427,53.57461531,2.26899186,2.244556896,3.178239246,192.3507942,NorthWest,3,6,0,0,0,0,0,0,1,5,0,0,0,0,0,5,0
2014,3,3,0.04,0.01,0,0.08,0.07,0,5,2,498.6409669,13,0.000000225,8.73E-13,6.25E-08,21.95535861,0.064522362,0.501809475,3.178239246,58.29695589,NorthWest,4,9,1,0,0,0,1,2,1,4,2,0,0,0,1,4,3
2014,4,0,0.5425,0.08,0.2,1,0.89,0.03,2,2,1014.380015,16,0.00000127,1.23E-14,0.000000889,124.8571896,0.278039309,2.627144209,3.178239246,201.885512,NorthWest,6,10,3,0,0,0,3,0,1,6,3,0,0,0,3,6,6
2015,1,1,0,0,0,0,0,0,5,0,500.424066,5,3.66E-59,2.07E-38,0.000139865,0.0000288,0.021655229,0.003401421,0,133.5335116,SouthWest,5,0,0,0,0,2,1,0,0,0,0,0,0,0,0,0,1
2015,4,4,0,0,0,0,0,0,5,0,500.424066,5,2.21E-58,5.91E-38,0.00014818,0.0000353,0.022330103,0.001667315,0,133.5335116,SouthWest,5,0,0,0,0,2,1,0,0,0,0,0,0,0,0,0,1
2015,4,4,0,0,0,0,0,0,5,0,500.424066,5,4.49E-59,2.78E-38,0.00013795,0.0000278,0.021035473,0.002650266,0,133.5335116,SouthWest,5,0,0,0,0,2,1,0,0,0,0,0,0,0,0,0,1
2015,2,2,0,0,0,0,0,0,5,0,500.424066,5,2.72E-62,3.74E-40,0.000110904,0.0000123,0.016894114,0.003337207,0,133.5335116,SouthWest,5,0,0,0,0,2,1,0,0,0,0,0,0,0,0,0,1
2015,1,1,0.0025,0,0,0.01,0,0,4,0,500.424066,5,4.39E-58,8.83E-38,0.000153503,0.0000389,0.028029324,0.010055518,0,133.5335116,SouthEast,5,0,0,0,0,2,1,0,0,0,0,0,0,0,0,0,1
2015,1,1,0,0,0,0,0,0,5,0,500.424066,5,3.10E-60,4.87E-39,0.000122727,0.0000201,0.0173838,0.000314838,0,133.5335116,SouthWest,5,0,0,0,0,2,1,0,0,0,0,0,0,0,0,0,1
2015,4,4,0,0,0,0,0,0,5,0,500.424066,5,3.59E-62,4.40E-40,0.000112752,0.0000128,0.015072735,0.00022749,0,133.5335116,SouthWest,5,0,0,0,0,2,1,0,0,0,0,0,0,0,0,0,1
2015,1,1,0.06875,0,0.005,0.24,0.03,0,5,1,500.424066,5,5.25E-15,1.15E-12,0.001467778,0.218109706,0.687686106,0.806287581,0,133.5335116,SouthEast,5,0,0,0,0,2,1,0,0,0,0,0,0,0,0,0,1
2015,2,2,0.1525,0,0.01,0.6,0,0,4,1,500.424066,5,1.26E-10,4.32E-10,0.001253946,0.217976502,0.600000973,0.618836377,0,133.5335116,NorthEast,5,0,0,0,0,2,1,0,0,0,0,0,0,0,0,0,1
2015,2,2,0.04,0,0,0.08,0.08,0,5,1,500.424066,5,2.56E-13,1.10E-11,0.000000398,3.63E-13,0.627086617,0.926509462,0,133.5335116,SouthEast,5,0,0,0,0,2,1,0,0,0,0,0,0,0,0,0,1
2015,4,4,0.03875,0.005,0,0.15,0,0,5,1,500.424066,5,1.27E-10,4.44E-10,0.000000596,1.65E-12,0.415820247,0.410810359,0,133.5335116,NorthEast,5,0,0,0,0,2,1,0,0,0,0,0,0,0,0,0,1
2015,3,3,0.0075,0,0,0.03,0,0,4,0,500.424066,5,2.69E-19,4.81E-15,0.000000576,1.43E-12,0.432966889,0.436574379,0,133.5335116,NorthEast,5,0,0,0,0,2,1,0,0,0,0,0,0,0,0,0,1
2015,3,3,0.11,0,0,0.35,0.09,0,3,0,500.424066,5,3.42E-24,6.62E-18,0.000000447,5.64E-13,1.157955775,1.703167679,0,133.5335116,SouthEast,5,0,0,0,0,2,1,0,0,0,0,0,0,0,0,0,1
2015,1,1,0,0,0,0,0,0,5,0,500.424066,5,1.87E-71,2.37E-45,2.03E-08,4.68E-18,0.008713553,0.000158119,0,133.5335116,SouthWest,5,0,0,0,0,2,1,0,0,0,0,0,0,0,0,0,1
2015,4,4,0,0,0,0,0,0,5,0,500.424066,5,2.60E-75,1.34E-47,1.56E-08,1.88E-18,0.006036184,0.0000745,0,133.5335116,SouthWest,5,0,0,0,0,2,1,0,0,0,0,0,0,0,0,0,1
2015,1,1,0,0,0,0,0,0,5,0,500.424066,5,7.44E-37,3.00E-25,0.000000276,7.65E-14,0.111887016,0.045210832,0,133.5335116,SouthEast,5,0,0,0,0,2,1,0,0,0,0,0,0,0,0,0,1
2015,1,1,0,0,0,0,0,0,5,0,500.424066,5,2.03E-34,7.88E-24,0.000000345,1.77E-13,0.129267046,0.067904971,0,133.5335116,SouthEast,5,0,0,0,0,2,1,0,0,0,0,0,0,0,0,0,1
2015,4,4,0,0,0,0,0,0,5,0,500.424066,5,1.74E-38,3.35E-26,0.000000264,6.48E-14,0.092949211,0.032214588,0,133.5335116,SouthEast,5,0,0,0,0,2,1,0,0,0,0,0,0,0,0,0,1
2015,3,3,0,0,0,0,0,0,5,0,500.424066,5,2.63E-69,4.28E-44,2.16E-08,5.66E-18,0.01128059,0.000259447,0,133.5335116,SouthEast,5,0,0,0,0,2,1,0,0,0,0,0,0,0,0,0,1
2015,3,3,0,0,0,0,0,0,5,0,500.424066,5,1.32E-74,3.48E-47,1.58E-08,1.94E-18,0.006595115,0.0000883,0,133.5335116,SouthWest,5,0,0,0,0,2,1,0,0,0,0,0,0,0,0,0,1
2015,4,4,0.2075,0,0,0.03,0.8,0,4,0,539.9247255,10,8.84E-21,7.02E-16,0.00000066,2.07E-12,0.487622922,0.970505302,72.09856234,72.09856234,NorthEast,3,7,1,0,0,0,1,2,2,2,1,0,0,0,1,2,2
2015,2,0,0.035,0,0,0.03,0.11,0,5,0,599.2147682,8,1.08E-19,3.10E-15,0.000000525,8.53E-13,0.600007635,0.783771199,72.09856234,36.04928117,NorthEast,2,6,1,0,0,0,1,2,2,1,1,0,0,0,1,1,2
2015,4,0,0.0025,0,0,0,0.01,0,3,0,342.3716547,5,3.10E-26,4.61E-19,0.000000337,1.87E-13,0.510088372,0.312471808,36.04928117,36.04928117,SouthEast,3,2,0,0,0,0,1,0,1,1,0,0,0,0,0,1,1
2015,4,0,0.005,0,0,0.02,0,0,2,0,342.3716547,5,4.01E-26,5.41E-19,0.000000324,1.58E-13,0.268174354,0.16764544,36.04928117,36.04928117,SouthEast,3,2,0,0,0,0,1,0,1,1,0,0,0,0,0,1,1
2015,1,1,0,0,0,0,0,0,3,0,184.095108,5,1.33E-27,7.46E-20,0.000000358,1.99E-13,0.278563872,0.245534955,63.08624205,0,SouthEast,1,4,0,0,0,0,1,2,2,0,0,0,0,0,0,0,0
2015,3,3,0.0875,0,0,0.33,0.02,0,4,0,179.6358646,3,8.40E-11,4.75E-10,0.00000108,1.29E-11,1.619620157,1.225361683,72.09856234,0,NorthEast,1,2,0,0,0,0,1,0,2,0,0,0,0,0,0,0,0
2015,5,0,0.34375,0.005,0,0.37,1,0.03,5,2,570.307844,6,8.40E-11,4.75E-10,0.00000118,2.04E-11,1.104236311,0.768927318,0,103.2600951,NorthEast,5,1,0,0,0,1,1,0,0,1,0,0,0,0,0,0,1
2015,4,0,0.3925,0,0,0.98,0.59,0,2,0,612.7690768,9,0,0,0.00000103,1.05E-11,0.975653092,2.145791481,72.09856234,80.65297667,NorthEast,4,5,1,0,0,1,1,0,2,0,3,0,0,0,1,1,4
2015,4,4,0.3,0,0,0.3,0.9,0,4,0,414.8277383,6,0,0,0.000000834,4.87E-12,0.189834332,0.291294379,72.09856234,67.21081389,NorthEast,2,4,0,0,0,1,1,2,2,0,0,0,0,0,0,1,1
2015,3,3,0.305,0,0,0.22,1,0,5,0,414.8277383,6,0,0,0.00000079,3.89E-12,0.420803085,0.644149496,72.09856234,67.21081389,NorthEast,2,4,0,0,0,1,1,2,2,0,0,0,0,0,0,1,1
2015,4,4,0.05,0,0,0.17,0.03,0,4,0,414.8277383,6,0,0,0.000000725,3.02E-12,0.031871626,0.060409842,72.09856234,67.21081389,NorthEast,2,4,0,0,0,1,1,2,2,0,0,0,0,0,0,1,1
2015,3,3,0,0,0,0,0,0,5,0,254.7508503,4,0,0,0.000000131,5.33E-15,0.0000903,5.15E-08,0.00E+00,53.76865112,SouthWest,2,2,0,0,0,1,0,1,0,0,1,0,0,0,0,0,1
2015,3,3,0,0,0,0,0,0,5,0,272.7754909,5,0,0,0.000000151,8.93E-15,0.0000989,6.31E-08,0.00E+00,71.79329171,SouthWest,2,3,0,0,0,1,0,1,0,1,1,0,0,0,0,0,1
2015,1,1,0.0025,0,0,0,0.01,0,5,0,272.7754909,5,0,0,0.00000015,8.81E-15,0.000112395,8.07E-08,0.00E+00,71.79329171,SouthWest,2,3,0,0,0,1,0,1,0,1,1,0,0,0,0,0,1
2015,3,3,0,0,0,0,0,0,5,0,272.7754909,5,0,0,9.42E-08,1.67E-15,0.00011766,7.91E-08,0.00E+00,71.79329171,SouthWest,2,3,0,0,0,1,0,1,0,1,1,0,0,0,0,0,1
2015,4,0,0,0,0,0,0,0,2,0,182.5706301,4,0,0,0.00000145,1.97E-09,0.000611868,0.000189747,3.178239246,3.178239246,NorthWest,2,2,0,0,0,0,0,0,1,1,0,0,0,0,0,1,0
2015,4,0,0,0,0,0,0,0,1,0,182.5706301,4,0,0,4.74E-08,7.31E-13,0.0000294,0.00000149,3.178239246,3.178239246,NorthWest,2,2,0,0,0,0,0,0,1,1,0,0,0,0,0,1,0
2015,3,3,0,0,0,0,0,0,1,0,126.5299553,3,0,0,0.00000133,1.07E-09,0.001086933,0.000429576,0,73.64942039,NorthWest,2,1,0,0,0,1,0,0,0,1,0,0,0,0,0,0,0
2015,4,4,0,0,0,0,0,0,1,0,141.4533914,4,0,0,0.00000257,9.59E-09,0.000576813,0.0000718,0,3.178239246,NorthWest,2,2,0,0,0,0,0,0,0,1,1,0,0,0,0,0,1
2015,4,4,0,0,0,0,0,0,1,0,120.8947721,4,0,0,0.00000245,5.61E-09,0.00061855,0.00012976,0,3.178239246,NorthWest,2,2,1,0,0,0,1,0,0,1,1,0,0,0,1,0,2
2015,2,0,0,0,0,0,0,0,1,0,120.8947721,4,0,0,0.00000243,5.68E-09,0.000600913,0.000125544,0,3.178239246,NorthWest,2,2,1,0,0,0,1,0,0,1,1,0,0,0,1,0,2
2015,3,3,0.0025,0,0,0.01,0,0,3,0,185.5205038,5,0,0,0.000000317,1.45E-11,0.002899963,0.000947108,3.178239246,3.178239246,NorthWest,3,2,0,0,0,0,1,0,1,1,0,0,0,0,0,1,1
2015,4,0,0,0,0,0,0,0,2,0,182.5706301,4,0,0,0.00000169,2.46E-09,0.000120454,0.000000139,3.178239246,3.178239246,NorthWest,2,2,0,0,0,0,0,0,1,1,0,0,0,0,0,1,0
2015,3,3,0,0,0,0,0,0,1,0,126.5299553,3,0,0,0.0000011,5.87E-10,0.0000696,5.26E-08,0.00E+00,73.64942039,NorthWest,2,1,0,0,0,1,0,0,0,1,0,0,0,0,0,0,0
2015,3,3,0,0,0,0,0,0,1,0,126.5299553,3,0,0,0.00000107,0.000000484,0.0000695,0.0000014,0,73.64942039,NorthWest,2,1,0,0,0,1,0,0,0,1,0,0,0,0,0,0,0
2015,0,0,0,0,0,0,0,0,1,0,117.7165328,3,0,0,0.00000296,0.00000151,0.000177136,0.0000039,3.178239246,0,NorthWest,2,1,0,0,0,0,0,0,1,0,0,0,0,0,0,0,0
2015,1,1,0,0,0,0,0,0,4,0,137.1272543,4,0,0,0.000774112,0.961607972,0.108956846,0.205522697,18.02464059,22.79199946,NorthEast,1,3,0,0,0,0,0,0,1,2,0,0,0,0,0,2,0
2015,1,1,0,0,0,0,0,0,4,0,137.1272543,4,0,0,0.000657921,0.525713299,0.091029674,0.133694416,18.02464059,22.79199946,NorthEast,1,3,0,0,0,0,0,0,1,2,0,0,0,0,0,2,0
2015,3,3,0,0,0,0,0,0,3,0,137.1272543,4,0,0,0.000747287,0.841859797,0.103046379,0.189269992,18.02464059,22.79199946,NorthEast,1,3,0,0,0,0,0,0,1,2,0,0,0,0,0,2,0
2015,0,0,0,0,0,0,0,0,4,0,36.04928117,2,0,0,0.000666658,0.541427772,0.098220386,0.14288517,18.02464059,18.02464059,NorthEast,0,2,0,0,0,0,0,0,1,1,0,0,0,0,0,1,0
2015,4,0,0.0025,0,0,0.01,0,0,3,2,388.79704,8,0,0,0.000468156,0.293243278,0.052499264,0.0701993,0,58.04568939,NorthEast,4,4,2,0,0,1,2,0,0,2,2,0,0,0,2,0,4
2015,4,0,0.0075,0,0,0.01,0.02,0,3,2,405.6789438,9,0,0,0.000592854,0.560245686,0.058390515,0.08382056,0,74.92759327,NorthEast,4,5,3,0,0,1,2,0,0,3,2,0,0,1,2,0,4
2015,4,0,0.1575,0,0,0.61,0.02,0,2,2,520.0141986,10,0,0,0.001070107,3.226891411,0.23222948,0.627473687,0,92.95223385,NorthEast,5,5,3,0,0,1,2,0,0,3,2,0,0,1,2,0,4
2015,4,0,0.2,0,0,0.71,0.09,0,3,2,405.6789438,9,0,0,0.000615529,0.723138276,0.173156823,0.446144679,0,74.92759327,NorthEast,4,5,3,0,0,1,2,0,0,3,2,0,0,1,2,0,4
2015,3,3,0.0025,0,0,0,0.01,0,5,0,155.1518949,5,0,0,0.000719151,0.730525465,0.069878887,0.072450285,36.04928118,22.79199946,NorthEast,1,4,0,0,0,0,0,0,2,2,0,0,0,0,0,2,0
2015,5,0,0.0675,0,0,0.16,0.11,0,2,2,241.8024216,4,0,0,0.00000225,4.85E-10,0.004706856,0.003302124,0,0,NorthWest,2,2,0,0,0,0,1,0,0,0,2,0,0,0,0,0,0
2015,4,0,0,0,0,0,0,0,2,0,241.8024216,4,0,0,0.00000219,4.46E-10,0.003175791,0.002522284,0,0,NorthWest,2,2,0,0,0,0,1,0,0,0,2,0,0,0,0,0,0
2015,4,4,0.07,0,0,0.24,0.04,0,1,2,241.8024216,4,0,0,0.00000229,5.16E-10,0.00585684,0.005384367,0,0,NorthWest,2,2,0,0,0,0,1,0,0,0,2,0,0,0,0,0,0
2015,4,0,0.0025,0,0,0,0.01,0,1,2,241.8024216,4,0,0,0.0000025,6.97E-10,0.00139016,0.000610123,0,0,NorthWest,2,2,0,0,0,0,1,0,0,0,2,0,0,0,0,0,0
2015,3,3,0,0,0,0,0,0,2,0,261.6240067,4,0,0,0.00000426,1.63E-09,0.001010911,0.000574312,0,0,NorthWest,3,1,0,0,0,0,1,0,0,0,1,0,0,0,0,0,0
2015,4,0,0.0025,0,0,0,0.01,0,1,2,261.6240067,4,0,0,0.0000032,1.69E-09,0.002977366,0.002576821,0,0,NorthWest,3,1,0,0,0,0,1,0,0,0,1,0,0,0,0,0,0
2015,1,1,0.005,0,0,0.01,0.01,0,2,0,87.00945517,2,0,0,0.00000472,3.47E-09,0.010776241,0.005601892,0,0,NorthWest,1,1,0,0,0,0,1,0,0,0,1,0,0,0,0,0,0
2015,4,0,0,0,0,0,0,0,2,0,261.6240067,4,0,0,0.00000416,3.96E-09,0.000176769,0.000000115,0,0,NorthWest,3,1,0,0,0,0,1,0,0,0,1,0,0,0,0,0,0
2015,3,3,0,0,0,0,0,0,2,0,87.00945517,2,0,0,0.00000289,1.02E-09,0.000103448,3.97E-08,0.00E+00,0,NorthWest,1,1,0,0,0,0,1,0,0,0,1,0,0,0,0,0,0
2015,3,3,0,0,0,0,0,0,2,0,241.8024216,4,0,0,0.00000124,6.11E-11,0.000038,5.28E-09,0.00E+00,0,NorthWest,2,2,0,0,0,0,1,0,0,0,2,0,0,0,0,0,0
2015,1,1,0,0,0,0,0,0,3,0,147.8408467,3,0,0,0.00000126,5.95E-11,0.0000388,5.24E-09,0.00E+00,0,NorthWest,1,2,0,0,0,0,1,0,0,0,2,0,0,0,0,0,0
2015,4,4,0,0,0,0,0,0,5,0,119.1967926,3,0,0,1.16E-08,3.80E-19,2.92E-08,1.95E-15,0.00E+00,69.65984735,SouthEast,1,2,0,0,0,1,0,0,0,1,1,0,0,0,0,0,1
2015,2,2,0,0,0,0,0,0,5,0,213.1583674,4,0,0,1.11E-08,3.21E-19,2.74E-08,1.71E-15,0.00E+00,69.65984735,SouthEast,2,2,0,0,0,1,0,0,0,1,1,0,0,0,0,0,1
2015,1,1,0,0,0,0,0,0,5,0,213.1583674,4,0,0,1.22E-08,4.71E-19,3.16E-08,2.30E-15,0.00E+00,69.65984735,SouthEast,2,2,0,0,0,1,0,0,0,1,1,0,0,0,0,0,1
2015,0,0,0,0,0,0,0,0,5,0,119.1967926,3,0,0,1.34E-08,6.60E-19,0.000000036,2.99E-15,0.00E+00,69.65984735,SouthEast,1,2,0,0,0,1,0,0,0,1,1,0,0,0,0,0,1
2015,1,1,0,0,0,0,0,0,2,0,339.9061906,7,0,0,9.92E-09,2.86E-19,0.000000027,1.69E-15,7.21E+01,69.65984735,SouthEast,1,6,0,0,0,1,0,0,2,1,1,0,0,0,0,2,1
2015,3,3,0,0,0,0,0,0,4,0,262.6953127,5,0,0,9.97E-09,3.12E-19,2.82E-08,1.85E-15,0.00E+00,53.76865112,SouthEast,2,3,0,0,0,1,0,0,0,0,2,0,0,0,0,0,2
2015,3,3,0,0,0,0,0,0,5,0,213.1583674,4,0,0,1.17E-08,5.65E-19,3.52E-08,2.90E-15,0.00E+00,69.65984735,SouthEast,2,2,0,0,0,1,0,0,0,1,1,0,0,0,0,0,1
2015,3,3,0,0,0,0,0,0,5,0,312.2322579,5,0,0,0.000000011,4.36E-19,3.18E-08,2.36E-15,0.00E+00,69.65984735,SouthEast,2,3,0,0,0,1,0,0,0,1,1,0,0,0,0,0,1
2015,3,3,0,0,0,0,0,0,5,0,253.3512912,4,0,0,1.15E-08,5.19E-19,0.000000034,2.71E-15,0.00E+00,15.89119623,SouthEast,2,2,0,0,0,0,0,0,0,1,1,0,0,0,0,0,1
2015,1,1,0,0,0,0,0,0,3,0,339.9061906,7,0,0,1.26E-08,7.03E-19,3.79E-08,3.37E-15,3.60E+01,69.65984735,SouthEast,1,6,0,0,0,1,0,1,1,1,1,0,0,0,0,2,1
2015,1,1,0,0,0,0,0,0,3,0,303.8569094,6,0,0,7.98E-09,1.16E-19,1.91E-08,8.29E-16,0.00E+00,69.65984735,SouthEast,1,5,0,0,0,1,0,1,0,1,1,0,0,0,0,0,1
2015,3,3,0,0,0,0,0,0,4,0,312.2322579,5,0,0,8.30E-09,1.36E-19,2.03E-08,9.42E-16,0.00E+00,69.65984735,SouthEast,2,3,0,0,0,1,0,0,0,1,1,0,0,0,0,0,1
2015,3,3,0,0,0,0,0,0,1,0,267.8076282,5,0,0,7.28E-09,9.14E-20,1.77E-08,7.14E-16,0.00E+00,69.65984735,SouthEast,1,4,0,0,0,1,0,0,0,1,1,0,0,0,0,0,1
2015,1,1,0,0,0,0,0,0,1,0,214.0389771,4,0,0,7.69E-09,1.11E-19,1.89E-08,8.22E-16,0.00E+00,15.89119623,SouthEast,0,4,0,0,0,0,0,0,0,1,1,0,0,0,0,0,1
2015,3,3,0,0,0,0,0,0,5,0,262.6953127,5,0,0,6.62E-09,5.21E-20,1.47E-08,4.63E-16,0.00E+00,53.76865112,SouthEast,2,3,0,0,0,1,0,0,0,0,2,0,0,0,0,0,2
2015,3,3,0,0,0,0,0,0,1,0,262.6953127,5,0,0,6.78E-09,5.64E-20,1.51E-08,4.90E-16,0.00E+00,69.65984735,SouthEast,2,3,0,0,0,1,0,0,0,1,1,0,0,0,0,0,1
2015,3,3,0,0,0,0,0,0,5,0,246.8041164,4,0,0,6.73E-09,5.44E-20,1.48E-08,4.74E-16,0.00E+00,53.76865112,SouthEast,2,2,0,0,0,1,0,0,0,0,1,0,0,0,0,0,1
2015,4,0,0,0,0,0,0,0,3,0,119.1967926,3,0,0,6.72E-09,5.18E-20,1.43E-08,4.44E-16,0.00E+00,69.65984735,SouthEast,1,2,0,0,0,1,0,0,0,1,1,0,0,0,0,0,1
2015,0,0,0,0,0,0,0,0,5,0,204.783019,5,0,0,5.06E-09,1.87E-20,9.98E-09,2.11E-16,0.00E+00,69.65984735,SouthEast,1,4,0,0,0,1,0,1,0,1,1,0,0,0,0,0,1
2015,3,3,0,0,0,0,0,0,4,0,168.7337378,4,0,0,5.14E-09,2.02E-20,1.03E-08,2.24E-16,0.00E+00,69.65984735,SouthEast,1,3,0,0,0,1,0,0,0,1,1,0,0,0,0,0,1
2015,1,1,0,0,0,0,0,0,4,0,119.1967926,3,0,0,4.81E-09,1.58E-20,9.42E-09,1.87E-16,0.00E+00,69.65984735,SouthEast,1,2,0,0,0,1,0,0,0,1,0,0,0,0,0,0,0
2015,3,3,0,0,0,0,0,0,5,0,208.9266615,4,0,0,7.47E-09,1.03E-19,1.86E-08,7.90E-16,0.00E+00,0,SouthEast,1,3,0,0,0,0,0,0,0,0,2,0,0,0,0,0,0
2015,3,3,0,0,0,0,0,0,5,0,213.1583674,4,0,0,8.11E-09,1.42E-19,0.000000021,1.01E-15,0.00E+00,69.65984735,SouthEast,2,2,0,0,0,1,0,0,0,1,1,0,0,0,0,0,1
2015,1,1,0,0,0,0,0,0,5,0,468.4258956,5,0,0,8.38E-09,1.61E-19,0.000000022,1.12E-15,0.00E+00,230.9658007,SouthEast,3,2,0,0,0,1,0,0,0,1,1,0,0,0,0,0,1
2015,4,4,0,0,0,0,0,0,5,0,235.7199845,5,0,0,0.000000207,2.56E-14,0.0000017,8.91E-12,0.00E+00,69.65984735,SouthEast,2,3,0,0,0,1,0,2,0,1,0,0,0,0,0,0,0
2015,0,0,0,0,0,0,0,0,5,0,141.7584097,4,0,0,0.000000202,2.34E-14,0.00000164,8.31E-12,0.00E+00,69.65984735,SouthEast,1,3,0,0,0,1,0,2,0,1,0,0,0,0,0,0,0
2015,3,3,0,0,0,0,0,0,5,0,235.7199845,5,0,0,0.000000197,2.11E-14,0.00000157,7.63E-12,0.00E+00,69.65984735,SouthEast,2,3,0,0,0,1,0,2,0,1,0,0,0,0,0,0,0
2015,3,3,0,0,0,0,0,0,5,0,213.1583674,4,0,0,1.13E-08,6.04E-19,3.73E-08,3.31E-15,0.00E+00,53.76865112,SouthWest,2,2,0,0,0,1,0,0,0,0,1,0,0,0,0,0,1
2015,0,0,0,0,0,0,0,0,2,0,235.7199845,5,0,0,1.67E-08,2.59E-18,6.32E-08,9.86E-15,3.60E+01,69.65984735,SouthWest,2,3,0,0,0,1,0,1,1,1,0,0,0,0,0,2,0
2015,1,1,0,0,0,0,0,0,4,0,260.4453242,3,0,0,3.83E-11,2.30E-27,2.47E-11,1.70E-21,0.00E+00,0,SouthWest,2,1,0,0,0,0,0,0,0,0,1,0,0,0,0,0,0
2015,4,4,0,0,0,0,0,0,5,0,378.0927651,5,0,0,4.70E-11,5.06E-27,3.34E-11,3.13E-21,0.00E+00,12.71295698,SouthWest,2,3,0,0,0,0,0,0,0,2,1,0,0,0,0,0,1
2015,4,0,0,0,0,0,0,0,5,0,273.1582812,5,0,0,8.00E-11,4.01E-26,6.40E-11,1.36E-20,6.36E+00,23.58291102,SouthWest,2,3,0,0,0,0,0,0,1,2,0,0,0,0,0,2,0
2015,4,4,0,0,0,0,0,0,5,0,449.3273953,3,0,0,7.35E-11,2.86E-26,5.66E-11,1.05E-20,0.00E+00,0,SouthWest,2,1,0,0,0,0,0,0,0,0,1,0,0,0,0,0,0
2015,0,0,0,0,0,0,0,0,5,0,260.4453242,3,0,0,3.97E-11,2.64E-27,2.60E-11,1.89E-21,0.00E+00,0,SouthWest,2,1,0,0,0,0,0,0,0,0,1,0,0,0,0,0,0
2015,2,2,0.055,0,0,0.1,0.12,0,4,0,648.257629,9,0,0,0.00139612,8.412004543,0.205631079,0.546975901,36.04928117,42.40575966,NorthWest,4,5,0,0,0,0,2,0,1,2,2,0,0,0,0,2,4
2015,4,0,0.1,0,0,0.01,0.39,0,4,0,347.8656788,7,0,0,0.001033014,3.40030554,0.111195292,0.221876064,36.04928117,42.40575966,NorthEast,3,4,0,0,0,0,1,0,1,2,1,0,0,0,0,2,2
2015,1,1,0,0,0,0,0,0,3,0,347.8656788,7,0,0,0.000670991,1.469361086,0.06114032,0.109960172,36.04928117,42.40575966,NorthWest,3,4,0,0,0,0,1,0,1,2,1,0,0,0,0,2,2
2015,3,3,0.03,0,0,0.01,0.11,0,2,0,311.8163976,6,0,0,0.000426448,1.447988524,0.077366237,0.204861588,0,42.40575966,NorthWest,3,3,0,0,0,0,0,0,0,2,1,0,0,0,0,0,1
2015,3,3,0.0025,0,0,0,0.01,0,3,0,311.8163976,6,0,0,0.000197218,1.055515398,0.063243316,0.178858138,0,42.40575966,NorthWest,3,3,0,0,0,0,0,0,0,2,1,0,0,0,0,0,1
2015,4,0,0.1475,0,0,0.13,0.46,0,2,0,430.4232549,8,0,0,0.000422521,0.824072985,0.124190916,0.318001801,36.04928117,83.60532576,NorthWest,5,3,1,0,0,1,1,0,1,2,0,0,0,1,0,3,1
2015,4,0,0.2725,0,0,0.27,0.82,0,1,0,811.4980783,10,0,0,0.00017323,0.947419119,0.27678592,0.525848259,36.04928117,212.2216042,NorthWest,6,4,3,0,0,2,1,0,1,2,1,0,0,2,1,4,2
2015,4,0,0.4025,0,0.03,0.6,0.98,0,3,2,766.2910731,9,0,0,0.00997156,23.21010132,0.898927736,1.580255126,36.04928117,191.5498852,NorthWest,6,3,2,0,0,2,1,0,1,1,1,0,0,1,1,3,2
2015,4,4,0.01,0,0,0.02,0.02,0,2,0,311.8163976,6,0,0,0.00000565,0.012622006,0.015301096,0.026134246,0,42.40575966,NorthWest,3,3,0,0,0,0,0,0,0,2,1,0,0,0,0,0,1
2015,4,0,0.2125,0,0.01,0.37,0.47,0,3,2,813.8471177,10,0,0,0.003312805,12.23001124,0.743667933,1.582266035,36.04928117,212.2216042,NorthWest,6,4,3,0,0,2,1,0,1,2,1,0,0,2,1,4,2
2015,3,3,0,0,0,0,0,0,2,0,303.8576356,7,0,0,0,0,0.00034451,0.000886313,0,48.76223815,NorthWest,3,4,0,0,0,0,1,0,0,3,1,0,0,0,0,0,2
2015,3,3,0,0,0,0,0,0,1,0,311.8163976,6,0,0,0,0,0.00067152,0.007308625,0,42.40575966,NorthWest,3,3,0,0,0,0,0,0,0,2,1,0,0,0,0,0,1
2015,4,0,0.0775,0,0,0.12,0.19,0,1,0,525.77829,10,0,0,0,0,0.012428301,0.065537469,36.04928117,48.76223815,NorthWest,4,6,1,0,0,0,1,0,1,3,2,0,0,0,1,3,3
2016,1,1,0,0,0,0,0,0,5,0,309.0361793,3,1.79E-70,1.10E-45,0.027679774,0.00000935,0.019499072,0.000767796,0,0,SouthWest,3,0,0,0,0,0,1,0,0,0,0,0,0,0,0,0,0
2016,4,4,0,0,0,0,0,0,4,0,309.0361793,3,1.15E-69,3.38E-45,0.029272831,0.0000115,0.020913191,0.000849911,0,0,SouthWest,3,0,0,0,0,0,1,0,0,0,0,0,0,0,0,0,0
2016,4,4,0,0,0,0,0,0,5,0,309.0361793,3,1.31E-70,8.51E-46,0.027370512,0.00000903,0.019382239,0.000786279,0,0,SouthWest,3,0,0,0,0,0,1,0,0,0,0,0,0,0,0,0,0
2016,2,2,0,0,0,0,0,0,5,0,309.0361793,3,8.60E-74,1.37E-47,0.02094394,0.00000381,0.013918756,0.000424247,0,0,SouthWest,3,0,0,0,0,0,1,0,0,0,0,0,0,0,0,0,0
2016,1,1,0,0,0,0,0,0,4,0,309.0361793,3,2.75E-69,6.59E-45,0.028518074,0.000012,0.020616808,0.000783362,0,0,SouthEast,3,0,0,0,0,0,1,0,0,0,0,0,0,0,0,0,0
2016,1,1,0,0,0,0,0,0,5,0,309.0361793,3,8.29E-72,1.06E-46,0.024790027,0.00000657,0.018055447,0.000859495,0,0,SouthWest,3,0,0,0,0,0,1,0,0,0,0,0,0,0,0,0,0
2016,4,4,0,0,0,0,0,0,5,0,309.0361793,3,1.27E-73,1.90E-47,0.02123991,0.00000398,0.014033704,0.000415775,0,0,SouthWest,3,0,0,0,0,0,1,0,0,0,0,0,0,0,0,0,0
2016,1,1,0.02,0,0,0.08,0,0,5,0,309.0361793,3,2.41E-26,6.24E-21,0.475215609,0.599442188,0.314562616,0.052210809,0,0,SouthEast,3,0,0,0,0,0,1,0,0,0,0,0,0,0,0,0,0
2016,2,2,0.006875,0,0.0125,0.015,0,0,5,0,309.0361793,3,3.84E-18,2.05E-16,0.65504699,0.599498379,0.64968865,0.213541484,0,0,NorthEast,3,0,0,0,0,0,1,0,0,0,0,0,0,0,0,0,0
2016,2,2,0.005,0,0,0.02,0,0,5,0,309.0361793,3,4.62E-25,1.74E-20,0.0000916,3.86E-14,0.278708141,0.057819558,0,0,SouthEast,3,0,0,0,0,0,1,0,0,0,0,0,0,0,0,0,0
2016,4,4,0.0025,0,0,0.005,0.005,0,5,1,309.0361793,3,2.34E-19,1.13E-17,0.000134974,1.70E-13,0.133227136,0.041117106,0,0,NorthEast,3,0,0,0,0,0,1,0,0,0,0,0,0,0,0,0,0
2016,3,3,0.05125,0,0,0.09,0.115,0,5,2,309.0361793,3,1.29E-18,6.10E-17,0.00012938,1.43E-13,0.938863885,0.260117558,0,0,NorthEast,3,0,0,0,0,0,1,0,0,0,0,0,0,0,0,0,0
2016,3,3,0,0,0,0,0,0,5,0,309.0361793,3,1.68E-23,9.25E-20,0.000101659,5.91E-14,0.059290412,0.014426325,0,0,SouthEast,3,0,0,0,0,0,1,0,0,0,0,0,0,0,0,0,0
2016,1,1,0,0,0,0,0,0,5,0,309.0361793,3,5.56E-71,4.23E-46,0.00000483,1.53E-18,0.009563102,0.000800732,0,0,SouthWest,3,0,0,0,0,0,1,0,0,0,0,0,0,0,0,0,0
2016,1,1,0,0,0,0,0,0,5,0,309.0361793,3,2.06E-29,8.94E-21,0.0000503,5.42E-15,0.116481095,0.036338301,0,0,SouthEast,3,0,0,0,0,0,1,0,0,0,0,0,0,0,0,0,0
2016,1,1,0,0,0,0,0,0,5,0,309.0361793,3,1.15E-26,3.64E-19,0.0000628,1.25E-14,0.154389598,0.061399746,0,0,SouthEast,3,0,0,0,0,0,1,0,0,0,0,0,0,0,0,0,0
2016,4,4,0.0025,0,0,0.005,0.005,0,5,1,309.0361793,3,6.96E-31,1.25E-21,0.0000478,4.53E-15,0.106488732,0.028226022,0,0,SouthEast,3,0,0,0,0,0,1,0,0,0,0,0,0,0,0,0,0
2016,3,3,0,0,0,0,0,0,5,0,309.0361793,3,8.07E-69,1.69E-44,0.00000505,1.15E-18,0.009908482,0.00069583,0,0,SouthEast,3,0,0,0,0,0,1,0,0,0,0,0,0,0,0,0,0
2016,3,3,0.00125,0,0,0,0.005,0,5,2,309.0361793,3,3.79E-74,7.50E-48,0.00000364,6.61E-19,0.006718283,0.00040868,0,0,SouthWest,3,0,0,0,0,0,1,0,0,0,0,0,0,0,0,0,0
2016,0,0,0,0,0,0,0,0,5,0,337.6080661,6,4.50E-15,2.06E-12,0.000128495,1.43E-13,0.462477239,0.615511476,72.09856234,86.84894697,NorthEast,3,3,0,0,0,1,1,0,2,1,0,0,0,0,0,2,1
2016,4,4,0.27375,0,0,0.865,0.23,0,5,0,589.4206539,9,1.93E-13,1.80E-11,0.000134977,1.72E-13,0.576717125,0.776446207,139.3093762,121.6725979,NorthEast,5,4,1,0,1,1,1,0,2,2,0,0,0,1,0,3,1
2016,2,0,0,0,0,0,0,0,1,0,314.7590362,5,8.52E-18,5.29E-14,0.000106781,7.35E-14,0.203749157,0.095651913,36.04928117,36.04928117,NorthEast,1,4,0,0,0,0,1,0,1,1,1,0,0,0,0,1,2
2016,4,0,0.005,0,0,0.005,0.015,0,1,0,303.8193706,5,1.38E-25,1.12E-19,0.0000763,1.90E-14,0.098747242,0.023296995,72.09856234,0,SouthEast,2,3,0,0,0,0,0,0,2,0,1,0,0,0,0,0,0
2016,4,0,0.0025,0,0,0.01,0,0,2,0,303.8193706,5,2.43E-25,1.08E-18,0.0000727,1.54E-14,0.121193495,0.028927889,72.09856234,0,SouthEast,2,3,0,0,0,0,0,0,2,0,1,0,0,0,0,0,0
2016,3,3,0.00375,0,0,0.01,0.005,0,2,0,424.3362938,6,4.08E-10,3.89E-10,0.000224059,1.12E-12,0.129582976,0.186134292,36.04928117,103.2600951,NorthEast,3,3,0,0,0,1,0,0,1,1,1,0,0,0,0,2,1
2016,5,0,0.1475,0.02,0,0.335,0.235,0,3,0,1173.127141,12,3.47E-10,3.12E-12,0.000262165,1.94E-12,0.231036359,0.262829269,36.04928117,103.2600951,NorthEast,7,5,2,0,0,1,2,0,1,1,1,0,0,0,1,2,3
2016,4,0,0.191210654,0.004842615,0,0.22,0.54,0,3,0,690.1811362,7,6.12E-11,4.10E-10,0.000209914,8.80E-13,1.693334206,0.63403007,36.04928117,0,NorthEast,4,3,1,0,0,0,0,0,1,0,1,0,0,0,0,0,0
2016,4,4,0.0075,0,0,0.03,0,0,5,0,538.6891028,7,0,0,0.000173346,4.27E-13,0.018417135,0.022275124,36.04928117,143.7392187,NorthEast,4,3,1,0,0,1,2,0,1,2,0,0,0,1,0,3,2
2016,3,3,0.0125,0,0,0.035,0.015,0,5,0,335.7798038,6,0,0,0.000161707,3.29E-13,0.29727037,0.153289712,36.04928117,143.7392187,NorthEast,3,3,1,0,0,1,0,0,1,2,0,0,0,1,0,3,0
2016,4,4,0.00125,0,0,0,0.005,0,4,0,481.1215503,7,0,0,0.000157193,2.88E-13,0.002962614,0.0000696,36.04928117,143.7392187,NorthEast,4,3,1,0,0,1,2,0,1,2,0,0,0,1,0,3,2
2016,3,3,0,0,0,0,0,0,5,0,395.2531122,8,0,0,0.0000328,9.95E-16,0.054173156,0.030661105,10.94887565,161.7545765,SouthWest,3,5,2,0,0,2,0,0,1,3,0,0,0,2,0,5,0
2016,3,3,0,0,0,0,0,0,5,0,368.2640811,7,0,0,0.0000378,1.55E-15,0.044504033,0.020830085,0,150.8846225,SouthWest,4,3,2,0,0,2,0,0,0,3,0,0,0,2,0,0,0
2016,1,1,0,0,0,0,0,0,5,0,395.2531122,8,0,0,0.0000355,1.64E-15,0.048039618,0.026106385,10.94887565,161.7545765,SouthWest,3,5,2,0,0,2,0,0,1,3,0,0,0,2,0,5,0
2016,3,3,0,0,0,0,0,0,5,0,368.2640811,7,0,0,0.0000408,1.84E-15,0.035930005,0.013319813,0,150.8846225,SouthWest,4,3,2,0,0,2,0,0,0,3,0,0,0,2,0,0,0
2016,4,4,0.01125,0,0,0.01,0.035,0,5,0,251.0779708,7,0,0,0.0000203,3.10E-16,0.072432908,0.048719594,0,150.8846225,SouthWest,3,4,2,0,0,2,0,1,0,3,0,0,0,2,0,0,0
2016,4,4,0.015,0,0,0.045,0.015,0,5,0,251.0779708,7,0,0,0.0000257,7.28E-16,0.343792486,0.139086259,0,150.8846225,SouthWest,3,4,2,0,0,2,0,1,0,3,0,0,0,2,0,0,0
2016,3,3,0,0,0,0,0,0,5,0,883.92743,15,0,0,0.0000249,9.91E-16,0.000208947,0.00000041,21.8977513,168.9092631,SouthWest,6,9,5,0,0,2,1,0,2,4,1,0,0,2,1,6,2
2016,3,3,0,0,0,0,0,0,5,0,357.3152055,6,0,0,0.0000194,4.31E-16,0.000181,0.000000593,0,139.9357468,SouthWest,4,2,2,0,0,2,0,0,0,2,0,0,0,2,0,0,0
2016,3,3,0,0,0,0,0,0,1,0,119.3056524,4,0,0,0.001966587,0.0000466,0.008709574,0.0000408,1.589119623,47.24535167,NorthWest,2,2,0,0,0,1,0,0,1,1,0,0,0,0,0,2,0
2016,4,0,0,0,0,0,0,0,1,0,179.3923908,3,0,0,0.003321076,1.271578313,0.111287379,0.036540991,0,3.178239246,NorthWest,2,1,0,0,0,0,0,0,0,1,0,0,0,0,0,0,0
2016,4,0,0,0,0,0,0,0,1,0,179.3923908,3,0,0,0.000298708,0.003152204,0.011272525,0.000547904,0,3.178239246,NorthWest,2,1,0,0,0,0,0,0,0,1,0,0,0,0,0,0,0
2016,3,3,0,0,0,0,0,0,1,0,59.23701339,3,0,0,0.003676271,1.974503493,0.12509937,0.047793378,3.178239246,56.05877415,NorthWest,1,2,1,0,0,1,0,0,1,1,0,0,0,1,0,2,0
2016,4,4,0,0,0,0,0,0,1,0,59.23701339,3,0,0,0.002786548,0.229426034,0.05824651,0.009436422,3.178239246,56.05877415,NorthWest,1,2,0,0,0,1,0,0,1,1,0,0,0,0,0,2,0
2016,4,4,0,0,0,0,0,0,1,0,59.23701339,3,0,0,0.00301218,0.558521218,0.080675738,0.018875797,3.178239246,56.05877415,NorthWest,1,2,0,0,0,1,0,0,1,1,0,0,0,0,0,2,0
2016,2,0,0,0,0,0,0,0,1,0,59.23701339,3,0,0,0.003005302,0.559259416,0.080881623,0.018964822,3.178239246,56.05877415,NorthWest,1,2,0,0,0,1,0,0,1,1,0,0,0,0,0,2,0
2016,3,3,0.345,0,0.265,0.975,0.14,0.05,5,1,284.0961825,6,0,0,0.012394384,4.596483689,0.464816469,0.132171988,3.178239246,64.87219663,NorthWest,4,2,0,0,0,1,1,0,1,1,0,0,0,0,0,2,1
2016,4,0,0,0,0,0,0,0,1,0,179.3923908,3,0,0,0.000740141,1.58E-09,0.000922135,0.000000275,0,3.178239246,NorthWest,2,1,0,0,0,0,0,0,0,1,0,0,0,0,0,0,0
2016,3,3,0,0,0,0,0,0,1,0,59.23701339,3,0,0,0.000490779,3.98E-10,0.000537651,0.000000111,3.178239246,56.05877415,NorthWest,1,2,1,0,0,1,0,0,1,1,0,0,0,1,0,2,0
2016,1,1,0,0,0,0,0,0,1,0,119.3056524,4,0,0,0.001131931,0.00000212,0.005101844,0.000019,1.589119623,47.24535167,NorthWest,2,2,0,0,0,1,0,0,1,1,0,0,0,0,0,2,0
2016,3,3,0,0,0,0,0,0,1,0,59.23701339,3,0,0,0.001021614,0.00000165,0.004619023,0.0000158,3.178239246,56.05877415,NorthWest,1,2,1,0,0,1,0,0,1,1,0,0,0,1,0,2,0
2016,0,0,0,0,0,0,0,0,3,0,6.356478492,2,0,0,0.000525076,0.00000146,0.004080827,0.0000157,3.178239246,3.178239246,NorthWest,0,2,0,0,0,0,0,0,1,1,0,0,0,0,0,1,0
2016,2,2,0.00375,0,0,0.015,0,0,3,0,42.54738635,3,0,0,0.148744213,0.210643774,2.40141276,0.574552492,18.02464059,24.52274577,NorthEast,0,3,0,0,0,0,0,0,1,2,0,0,0,0,0,2,0
2016,1,1,0.115,0,0,0.01,0.45,0,4,0,475.6543747,8,0,0,0.159489425,0.18171154,2.585145706,0.598425813,18.02464059,24.52274577,NorthEast,4,4,0,0,0,0,0,0,1,2,0,0,0,0,0,2,0
2016,1,1,0.00125,0,0,0,0.005,0,5,0,235.1686148,5,0,0,0.146387787,0.076550961,2.000203684,0.336306731,18.02464059,24.52274577,NorthEast,2,3,0,0,0,0,0,0,1,2,0,0,0,0,0,2,0
2016,3,3,0.00125,0,0,0,0.005,0,5,0,138.8580006,4,0,0,0.153630626,0.182560709,2.471087553,0.566720943,18.02464059,24.52274577,NorthEast,1,3,0,0,0,0,0,0,1,2,0,0,0,0,0,2,0
2016,4,0,0.419375,0,0.0075,0.99,0.68,0.0075,4,2,674.999433,12,0,0,0.108974656,0.506973061,1.790233869,0.701010292,18.02464059,136.8996042,NorthEast,6,6,3,0,0,2,1,0,1,4,1,0,0,2,1,6,2
2016,4,0,0.37375,0,0,0.99,0.505,0,4,0,666.0645384,12,0,0,0.126727645,0.261299199,2.269367959,1.061453453,18.02464059,127.9647096,NorthEast,6,6,3,0,0,2,1,0,1,4,1,0,0,2,1,6,2
2016,4,0,0.15875,0,0,0.175,0.46,0,2,0,679.8730119,12,0,0,0.233418707,0.31989615,3.979850032,1.233124134,18.02464059,81.46080777,NorthEast,6,6,3,0,0,1,2,0,1,3,2,0,0,1,2,4,4
2016,4,0,0.30875,0,0,0.465,0.77,0,4,0,674.999433,12,0,0,0.13889782,0.279132374,2.428128652,0.652352106,18.02464059,136.8996042,NorthEast,6,6,3,0,0,2,1,0,1,4,1,0,0,2,1,6,2
2016,3,3,0.04125,0,0,0.015,0.15,0,3,0,235.1686148,5,0,0,0.147555146,0.11023705,2.272258111,0.384781195,18.02464059,24.52274577,NorthEast,2,3,0,0,0,0,0,0,1,2,0,0,0,0,0,2,0
2016,5,0,0.0325,0,0,0.13,0,0,3,2,497.7081132,8,0,0,0.000697982,1.15E-10,0.008350213,0.003443611,0,141.7324192,NorthWest,4,4,2,0,0,1,1,0,0,3,1,0,0,1,1,0,2
2016,4,0,0,0,0,0,0,0,3,0,497.7081132,8,0,0,0.000681522,1.07E-10,0.00623797,0.002442295,0,141.7324192,NorthWest,4,4,2,0,0,1,1,0,0,3,1,0,0,1,1,0,2
2016,4,4,0.00125,0,0,0.005,0,0,3,0,497.7081132,8,0,0,0.000709692,1.22E-10,0.008166288,0.004120299,0,141.7324192,NorthWest,4,4,2,0,0,1,1,0,0,3,1,0,0,1,1,0,2
2016,4,0,0.00375,0,0,0.015,0,0,3,2,497.7081132,8,0,0,0.000770064,1.63E-10,0.013216385,0.008683988,0,141.7324192,NorthWest,4,4,2,0,0,1,1,0,0,3,1,0,0,1,1,0,2
2016,3,3,0,0,0,0,0,0,3,0,392.7478683,6,0,0,0.000869566,2.46E-10,0.006068142,0.001411987,0,36.77217427,NorthWest,3,3,1,0,0,0,1,0,0,2,1,0,0,0,1,0,2
2016,4,0,0.00125,0,0,0.005,0,0,3,2,392.7478683,6,0,0,0.000972253,3.67E-10,0.014006541,0.003701306,0,36.77217427,NorthWest,3,3,1,0,0,0,1,0,0,2,1,0,0,0,1,0,2
2016,3,3,0,0,0,0,0,0,5,0,452.2565781,6,0,0,0.000850284,2.04E-10,0.000909547,4.89E-08,0.00E+00,36.77217427,NorthWest,4,2,0,0,0,0,1,0,0,2,0,0,0,0,0,0,1
2016,4,4,0,0,0,0,0,0,4,0,481.245349,6,0,0,0.00000209,2.94E-20,0.009499585,0.001835339,49.53694522,92.33005843,SouthEast,2,4,1,0,0,0,0,0,1,2,0,0,0,0,0,2,0
2016,2,2,0,0,0,0,0,0,2,0,564.0141786,7,0,0,0.000002,2.48E-20,0.009215792,0.001744148,49.53694522,92.33005843,SouthEast,3,4,1,0,0,0,1,0,1,2,1,0,0,0,1,2,2
2016,1,1,0,0,0,0,0,0,5,0,481.245349,6,0,0,0.00000222,3.65E-20,0.009935134,0.001995073,49.53694522,92.33005843,SouthEast,2,4,1,0,0,0,0,0,1,2,0,0,0,0,0,2,0
2016,0,0,0,0,0,0,0,0,5,0,260.7556722,4,0,0,0.00000243,5.16E-20,0.010356528,0.002251352,143.6571412,18.02464059,SouthEast,0,4,0,0,0,0,0,0,2,1,0,0,0,0,0,1,0
2016,1,1,0,0,0,0,0,0,1,0,530.7822942,6,0,0,0.00000212,2.75E-20,0.003919108,0.001701119,0,92.33005843,SouthEast,2,4,1,0,0,0,0,0,0,2,0,0,0,0,0,0,0
2016,3,3,0,0,0,0,0,0,5,0,431.7084037,5,0,0,0.0000021,3.08E-20,0.000690492,0.000117982,0,92.33005843,SouthEast,2,3,1,0,0,0,0,0,0,2,0,0,0,0,0,0,0
2016,3,3,0,0,0,0,0,0,4,0,456.4768763,6,0,0,0.00000246,5.48E-20,0.000765114,0.000153273,24.76847261,92.33005843,SouthEast,2,4,1,0,0,0,0,0,1,2,0,0,0,0,0,2,0
2016,3,3,0,0,0,0,0,0,5,0,651.861381,8,0,0,0.00000229,4.15E-20,0.001367577,0.00037878,49.53694522,92.33005843,SouthEast,3,5,2,0,0,0,1,0,1,2,1,0,0,0,1,2,2
2016,1,1,0.00125,0,0,0,0.005,0,3,0,456.4768763,6,0,0,0.00000259,6.56E-20,0.003870773,0.001165119,24.76847261,92.33005843,SouthEast,2,4,1,0,0,0,0,0,1,2,0,0,0,0,0,2,0
2016,1,1,0,0,0,0,0,0,5,0,555.5507668,7,0,0,0.00000163,1.04E-20,0.019458342,0.009290647,24.76847261,92.33005843,SouthEast,2,5,1,0,0,0,0,0,1,2,0,0,0,0,0,2,0
2016,3,3,0.00125,0,0,0.005,0,0,3,0,456.4768763,6,0,0,0.00000171,1.25E-20,0.075731932,0.020989054,24.76847261,92.33005843,SouthEast,2,4,1,0,0,0,0,0,1,2,0,0,0,0,0,2,0
2016,3,3,0,0,0,0,0,0,3,0,431.7084037,5,0,0,0.00000157,9.07E-21,0.000000169,9.25E-16,0.00E+00,92.33005843,SouthEast,2,3,1,0,0,0,0,0,0,2,0,0,0,0,0,0,0
2016,1,1,0,0,0,0,0,0,3,0,431.7084037,5,0,0,0.00000165,1.08E-20,0.00000018,1.07E-15,0.00E+00,92.33005843,SouthEast,2,3,1,0,0,0,0,0,0,2,0,0,0,0,0,0,0
2016,1,1,0,0,0,0,0,0,3,0,456.4768763,6,0,0,0.0000017,1.20E-20,0.000000188,1.16E-15,2.48E+01,92.33005843,SouthEast,2,4,1,0,0,0,0,0,1,2,0,0,0,0,0,2,0
2016,3,3,0,0,0,0,0,0,5,0,431.7084037,5,0,0,0.00000134,4.87E-21,0.000000143,6.12E-16,0.00E+00,92.33005843,SouthEast,2,3,1,0,0,0,0,0,0,2,0,0,0,0,0,0,0
2016,3,3,0,0,0,0,0,0,5,0,456.4768763,6,0,0,0.00000137,5.19E-21,0.000000146,6.45E-16,2.48E+01,92.33005843,SouthEast,2,4,1,0,0,0,0,0,1,2,0,0,0,0,0,2,0
2016,3,3,0,0,0,0,0,0,5,0,431.7084037,5,0,0,0.00000135,4.95E-21,0.000000144,6.23E-16,0.00E+00,92.33005843,SouthEast,2,3,1,0,0,0,0,0,0,2,0,0,0,0,0,0,0
2016,4,0,0.00125,0,0,0,0.005,0,2,0,748.1719953,9,0,0,0.00000123,4.26E-21,0.000000137,5.78E-16,2.48E+01,92.33005843,SouthEast,4,5,2,0,0,0,0,0,1,2,0,0,0,0,0,2,0
2016,0,0,0,0,0,0,0,0,1,0,92.33005842,2,0,0,0.00000102,1.72E-21,9.85E-08,2.82E-16,0.00E+00,92.33005843,SouthEast,0,2,0,0,0,0,0,0,0,2,0,0,0,0,0,0,0
2016,3,3,0,0,0,0,0,0,2,0,431.7084037,5,0,0,0.00000156,9.98E-21,0.000000187,1.08E-15,0.00E+00,92.33005843,SouthEast,2,3,1,0,0,0,0,0,0,2,0,0,0,0,0,0,0
2016,3,3,0,0,0,0,0,0,2,0,456.4768763,6,0,0,0.00000171,1.39E-20,0.000000211,1.38E-15,2.48E+01,92.33005843,SouthEast,2,4,1,0,0,0,0,0,1,2,0,0,0,0,0,2,0
2016,1,1,0,0,0,0,0,0,1,0,456.4768763,6,0,0,0.00000177,1.59E-20,0.000000222,1.53E-15,2.48E+01,92.33005843,SouthEast,2,4,1,0,0,0,0,0,1,2,0,0,0,0,0,2,0
2016,0,0,0,0,0,0,0,0,5,0,191.4039489,3,0,0,0.0000412,1.92E-15,0.0000168,1.16E-11,0.00E+00,92.33005843,SouthEast,0,3,0,0,0,0,0,0,0,2,0,0,0,0,0,0,0
2016,3,3,0,0,0,0,0,0,3,0,539.245706,7,0,0,0.0000398,1.69E-15,0.0000161,1.06E-11,2.48E+01,92.33005843,SouthEast,3,4,1,0,0,0,1,0,1,2,1,0,0,0,1,2,2
2016,0,0,0,0,0,0,0,0,5,0,191.4039489,3,0,0,0.00000395,3.23E-19,0.000000631,1.54E-14,0.00E+00,92.33005843,SouthWest,0,3,0,0,0,0,0,0,0,2,0,0,0,0,0,0,0
2016,1,1,0,0,0,0,0,0,3,0,246.5960372,2,0,0,0.000000014,8.07E-28,0.012996593,0.001537722,0,0,SouthWest,2,0,0,0,0,0,1,0,0,0,0,0,0,0,0,0,0
2016,4,4,0,0,0,0,0,0,2,0,418.7790143,3,0,0,1.74E-08,1.81E-27,0.018750994,0.003052995,0,0,SouthWest,3,0,0,0,0,0,1,0,0,0,0,0,0,0,0,0,0
2016,4,4,0,0,0,0,0,0,5,0,377.7641421,2,0,0,0.000000023,4.76E-27,0.020607801,0.004773869,0,0,SouthWest,2,0,0,0,0,0,1,0,0,0,0,0,0,0,0,0,0
2016,4,0,0.00375,0,0,0.015,0,0,2,0,56.51550517,2,0,0,3.14E-08,1.52E-26,0.056738227,0.01084342,0,0,SouthWest,1,1,0,0,0,0,0,0,0,0,1,0,0,0,0,0,0
2016,4,4,0,0,0,0,0,0,2,0,377.7641421,2,0,0,2.87E-08,1.07E-26,0.002005527,0.000669301,0,0,SouthWest,2,0,0,0,0,0,1,0,0,0,0,0,0,0,0,0,0
2016,2,0,0.00125,0,0,0.005,0,0,2,0,240.3905823,2,0,0,3.67E-08,2.60E-26,0.008387029,0.002568493,0,0,SouthWest,1,1,0,0,0,0,1,0,0,0,1,0,0,0,0,0,0
2016,1,1,0.00125,0,0,0.005,0,0,5,0,377.7641421,2,0,0,4.16E-08,4.20E-26,0.005993893,0.001425331,0,0,SouthWest,2,0,0,0,0,0,1,0,0,0,0,0,0,0,0,0,0
2016,1,1,0,0,0,0,0,0,5,0,377.7641421,2,0,0,0.000000024,5.58E-27,3.86E-10,8.01E-21,0.00E+00,0,SouthWest,2,0,0,0,0,0,1,0,0,0,0,0,0,0,0,0,0
2016,3,3,0,0,0,0,0,0,2,0,209.7526146,5,0,0,0.270052122,0.840042022,4.955002692,1.724046312,0,56.7210002,NorthEast,1,4,0,0,0,0,0,0,0,2,2,0,0,0,0,0,2
2016,4,0,0.12125,0,0,0.19,0.295,0,1,2,641.0552781,10,0,0,0.221664991,0.712782268,4.303123006,1.630248913,0,115.6575811,NorthEast,5,5,3,0,0,1,2,0,0,2,3,0,0,1,2,0,5
2016,1,1,0.00625,0,0,0,0.025,0,2,0,476.2294619,7,0,0,0.160617033,1.118933514,3.093449793,0.880547281,0,95.48047338,NorthWest,2,5,1,0,0,0,0,0,0,3,1,0,0,0,0,0,1
2016,3,3,0.246875,0,0.0175,0.63,0.34,0,3,2,431.6321747,9,0,0,0.161451034,4.736190488,3.875538098,1.496584764,0,136.3293001,NorthWest,3,6,1,0,0,1,1,0,0,3,3,0,0,1,0,0,4
2016,3,3,0.01375,0,0,0.05,0.005,0,5,2,451.4425093,8,0,0,0.181225154,0.507117331,4.769623217,1.424632127,0,136.3293001,NorthWest,3,5,2,0,0,1,1,0,0,3,2,0,0,1,1,0,3
2016,4,0,0.2975,0,0,0.665,0.525,0,1,2,787.4269496,13,0,0,0.123498749,0.085354475,3.016667829,1.432496401,0,136.3293001,NorthWest,5,8,4,0,0,1,2,0,0,3,3,0,0,1,2,0,5
2016,4,0,0.25625,0,0,0.665,0.36,0,1,2,514.1615801,8,0,0,0,0,4.778677408,3.763130795,0,115.6575811,NorthWest,4,4,2,0,0,1,1,0,0,2,2,0,0,1,1,0,3
2016,4,4,0,0,0,0,0,0,3,0,286.7769497,6,0,0,0,0,0.00851097,0.016423055,0,115.6575811,NorthWest,2,4,1,0,0,1,0,0,0,2,2,0,0,1,0,0,2
2016,4,0,0.23375,0,0,0.75,0.185,0,3,2,897.3006688,12,0,0,0,0,2.144909936,3.667419411,0,115.6575811,NorthWest,5,7,4,0,0,1,2,0,0,2,4,0,0,1,2,0,6
2016,3,3,0.00125,0,0,0,0.005,0,3,0,237.6009767,6,0,0,0,0,0.001368091,0.001759828,53.76865112,12.71295698,NorthWest,2,4,0,0,1,0,0,0,0,2,2,0,0,0,0,2,2
2016,3,3,0,0,0,0,0,0,5,0,346.2081419,8,0,0,0,0,0.003366012,0.01827362,0,175.0887733,NorthWest,2,6,1,0,0,1,0,0,0,4,2,0,0,1,0,0,2
2016,4,0,0.02625,0,0,0.085,0.02,0,3,2,674.6468216,11,0,0,0,0,0.048384628,0.124073367,0,136.3293001,NorthWest,5,6,3,0,0,1,2,0,0,3,3,0,0,1,2,0,5
2017,1,1,0,0,0,0,0,0,3,0,1089.645227,12,5.01E-54,5.66E-39,0.000000567,0.00111698,0.000203805,0.00001,0,218.2869207,SouthWest,5,7,4,0,0,1,3,0,0,2,2,0,0,1,2,0,5
2017,3,3,0,0,0,0,0,0,3,0,1089.645227,12,4.34E-58,2.40E-41,0.000000383,0.000685515,0.000130205,0.00000634,0,218.2869207,SouthWest,5,7,4,0,0,1,3,0,0,2,2,0,0,1,2,0,5
2017,4,4,0,0,0,0,0,0,3,0,1089.645227,12,3.02E-53,1.61E-38,0.000000614,0.001183922,0.000219867,0.0000107,0,218.2869207,SouthWest,5,7,4,0,0,1,3,0,0,2,2,0,0,1,2,0,5
2017,4,4,0,0,0,0,0,0,3,0,1089.645227,12,4.02E-54,5.00E-39,0.000000538,0.000982066,0.000199652,0.00000926,0,218.2869207,SouthWest,5,7,4,0,0,1,3,0,0,2,2,0,0,1,2,0,5
2017,2,2,0,0,0,0,0,0,3,0,1089.645227,12,2.24E-57,6.15E-41,0.000000512,0.001448618,0.000147814,0.00000991,0,218.2869207,SouthWest,5,7,4,0,0,1,3,0,0,2,2,0,0,1,2,0,5
2017,0,0,0,0,0,0,0,0,2,0,1089.645227,12,2.46E-58,1.73E-41,0.000000347,0.000521039,0.000124668,0.00000538,0,218.2869207,SouthWest,5,7,4,0,0,1,3,0,0,2,2,0,0,1,2,0,5
2017,1,1,0,0,0,0,0,0,3,0,1089.645227,12,5.95E-53,2.38E-38,0.000000692,0.001526818,0.000231483,0.0000125,0,218.2869207,SouthEast,5,7,4,0,0,1,3,0,0,2,2,0,0,1,2,0,5
2017,1,1,0,0,0,0,0,0,2,0,1089.645227,12,4.10E-55,1.34E-39,0.000000402,0.00045348,0.000170423,0.00000556,0,218.2869207,SouthWest,5,7,4,0,0,1,3,0,0,2,2,0,0,1,2,0,5
2017,4,4,0,0,0,0,0,0,3,0,1089.645227,12,8.78E-58,3.60E-41,0.000000419,0.000853644,0.000136128,0.00000722,0,218.2869207,SouthWest,5,7,4,0,0,1,3,0,0,2,2,0,0,1,2,0,5
2017,4,4,0,0,0,0,0,0,4,0,1089.645227,12,2.94E-57,7.19E-41,0.000000547,0.00172089,0.000151793,0.000011,0,218.2869207,SouthWest,5,7,4,0,0,1,3,0,0,2,2,0,0,1,2,0,5
2017,1,1,0.000625,0,0.0025,0,0,0,2,0,1089.645227,12,3.79E-10,2.09E-13,0.00000147,0.086954176,0.008936272,0.006438039,0,218.2869207,SouthEast,5,7,4,0,0,1,3,0,0,2,2,0,0,1,2,0,5
2017,2,2,0.00125,0.0025,0.0025,0,0,0,3,0,1089.645227,12,3.79E-10,2.09E-13,0.000000868,0.086820054,0.009502817,0.007243358,0,218.2869207,SouthEast,5,7,4,0,0,1,3,0,0,2,2,0,0,1,2,0,5
2017,4,4,0.00125,0,0,0,0.005,0,3,0,1089.645227,12,3.18E-20,5.87E-22,6.25E-08,0.001161855,0.013904332,0.017588048,0,218.2869207,NorthEast,5,7,4,0,0,1,3,0,0,2,2,0,0,1,2,0,5
2017,3,3,0,0,0,0,0,0,4,0,1089.645227,12,1.58E-19,1.46E-21,6.62E-08,0.002135173,0.016714174,0.023387868,0,218.2869207,NorthEast,5,7,4,0,0,1,3,0,0,2,2,0,0,1,2,0,5
2017,3,3,0,0,0,0,0,0,3,0,1089.645227,12,2.17E-24,2.16E-24,8.13E-08,0.000913657,0.010348231,0.009053684,0,218.2869207,SouthEast,5,7,4,0,0,1,3,0,0,2,2,0,0,1,2,0,5
2017,1,1,0,0,0,0,0,0,2,0,1089.645227,12,5.18E-72,3.38E-52,0.00000037,0.000713758,0.000188859,0.00000747,0,218.2869207,SouthWest,5,7,4,0,0,1,3,0,0,2,2,0,0,1,2,0,5
2017,1,1,0,0,0,0,0,0,5,0,1236.553504,13,5.11E-37,1.06E-31,0.000000103,0.071195078,0.005904496,0.011974629,0,218.2869207,SouthEast,6,7,5,0,0,1,3,0,0,2,2,0,0,1,2,0,5
2017,1,1,0,0,0,0,0,0,5,0,1236.553504,13,1.56E-34,3.11E-30,8.89E-08,0.10666942,0.007217463,0.015223859,0,218.2869207,SouthEast,6,7,5,0,0,1,3,0,0,2,2,0,0,1,2,0,5
2017,4,4,0,0,0,0,0,0,5,0,1089.645227,12,1.26E-38,1.24E-32,0.000000099,0.045100645,0.00501476,0.008345335,0,218.2869207,SouthEast,5,7,4,0,0,1,3,0,0,2,2,0,0,1,2,0,5
2017,3,3,0,0,0,0,0,0,3,0,1089.645227,12,6.86E-70,5.74E-51,0.000000718,0.00242132,0.000249313,0.0000164,0,218.2869207,SouthEast,5,7,4,0,0,1,3,0,0,2,2,0,0,1,2,0,5
2017,3,3,0,0,0,0,0,0,3,0,1089.645227,12,3.33E-75,4.53E-54,0.000000378,0.001145974,0.000141157,0.00000863,0,218.2869207,SouthWest,5,7,4,0,0,1,3,0,0,2,2,0,0,1,2,0,5
2017,1,1,0.0625,0,0,0.25,0,0,5,2,704.4488523,6,1.12E-09,7.25E-16,4.01E-08,0.002229355,0.064650521,0.063483556,0,131.9943539,NorthEast,6,0,0,0,0,1,4,0,0,0,0,0,0,0,0,0,4
2017,0,0,0,0,0,0,0,0,3,0,996.244506,13,6.11E-23,1.85E-23,6.36E-08,0.734671259,0.005020961,0.016745192,36.04928117,184.2888961,NorthEast,5,8,3,0,0,1,2,0,1,2,3,0,0,0,1,3,5
2017,4,4,0.0225,0,0.005,0,0.085,0,3,2,944.5378232,12,6.93E-21,2.83E-22,6.44E-08,0.77606459,0.005234155,0.018866773,36.04928117,184.2888961,NorthEast,5,7,2,0,0,1,2,0,1,2,3,0,0,0,1,3,5
2017,2,2,0.054375,0,0.0025,0.21,0.005,0.0025,5,2,868.1867502,10,9.78E-30,1.62E-27,0.00000014,0.237138187,0.011723,0.044863906,36.04928117,286.3303925,SouthEast,7,3,1,0,0,2,3,0,1,2,0,0,0,1,0,4,3
2017,2,0,0,0,0,0,0,0,1,0,646.2225064,9,3.46E-20,5.09E-22,7.95E-08,6.09E-08,0.003504201,0.008590989,67.59240219,72.09856234,NorthEast,5,4,0,0,0,0,3,0,2,2,0,0,0,0,0,2,3
2017,4,0,0.00125,0,0,0.005,0,0,1,2,777.3702457,8,1.34E-26,1.02E-25,0.000000116,0.00000034,0.004186533,0.004560101,0,110.354699,SouthEast,6,2,0,0,0,0,3,0,0,2,0,0,0,0,0,0,3
2017,4,0,0,0,0,0,0,0,1,0,777.3702457,8,1.41E-26,9.80E-26,0.000000126,0.000000384,0.001446249,0.001789808,0,110.354699,SouthEast,6,2,0,0,0,0,3,0,0,2,0,0,0,0,0,0,3
2017,3,3,0,0,0,0,0,0,2,0,655.3830762,8,8.30E-11,2.42E-16,3.81E-08,3.95E-09,0.001974791,0.009581242,27.03696088,215.7761483,NorthEast,5,3,0,0,0,1,2,0,1,2,0,0,0,0,0,3,2
2017,5,0,0.01125,0.005,0,0.015,0.025,0,1,0,827.6559762,12,1.20E-09,9.67E-16,3.35E-08,2.78E-09,0.002379506,0.009911638,36.04928117,72.09856234,NorthEast,5,7,1,0,0,0,2,0,1,2,3,0,0,0,0,2,5
2017,4,0,0.00875,0,0,0.03,0.005,0,3,0,566.7662241,8,3.94E-129,4.59E-84,3.89E-08,3.73E-09,0.016657989,0.039463112,36.04928117,51.06891201,NorthEast,4,4,0,0,0,0,2,0,1,2,1,0,0,0,0,2,3
2017,4,4,0.0125,0,0,0.015,0.035,0,2,0,547.8794852,9,4.61E-132,8.99E-86,4.96E-08,1.09E-08,0.002827058,0.008447614,36.04928117,119.5053561,NorthEast,5,4,1,0,0,1,2,0,1,2,1,0,0,0,1,3,3
2017,3,3,0.005,0,0,0.02,0,0,2,0,655.6993309,8,4.98E-133,2.44E-86,5.11E-08,1.05E-08,0.009897195,0.028173878,27.03696088,72.09856234,NorthEast,5,3,0,0,0,0,3,0,1,2,0,0,0,0,0,2,3
2017,4,4,0.0125,0,0,0.005,0.045,0,2,0,708.2405099,10,1.02E-133,1.00E-86,5.55E-08,2.11E-08,0.000248931,0.000670732,36.04928117,119.5053561,NorthEast,5,5,1,0,0,1,2,0,1,2,1,0,0,0,1,3,3
2017,3,3,0.003333333,0,0,0,0.013333333,0,3,0,709.5539668,8,3.12E-158,5.05E-101,0.000000157,0.0000035,0.000002,6.21E-08,0.00E+00,18.02464059,SouthWest,3,5,2,0,0,0,0,1,0,1,0,0,0,0,0,0,0
2017,3,3,0,0,0,0,0,0,1,0,709.5539668,8,3.80E-156,8.29E-100,0.000000147,0.00000243,0.00000181,4.72E-08,0.00E+00,18.02464059,SouthWest,3,5,2,0,0,0,0,1,0,1,0,0,0,0,0,0,0
2017,1,1,0,0,0,0,0,0,1,0,709.5539668,8,3.18E-156,7.48E-100,0.000000134,0.00000194,0.00000161,3.95E-08,0.00E+00,18.02464059,SouthWest,3,5,2,0,0,0,0,1,0,1,0,0,0,0,0,0,0
2017,3,3,0.02875,0,0,0,0.115,0,3,0,709.5539668,8,5.08E-155,3.86E-99,0.000000151,0.00000234,0.0000018,4.48E-08,0.00E+00,18.02464059,SouthWest,3,5,2,0,0,0,0,1,0,1,0,0,0,0,0,0,0
2017,4,4,0,0,0,0,0,0,2,0,888.2005377,13,1.92E-165,3.23E-105,0.00000015,0.00000665,0.00000252,0.000000118,0,18.02464059,SouthWest,5,8,4,0,0,0,2,1,0,1,2,0,0,0,2,0,4
2017,4,4,0,0,0,0,0,0,2,0,888.2005377,13,2.11E-162,1.93E-103,9.88E-08,0.00000168,0.00000148,4.19E-08,0.00E+00,18.02464059,SouthWest,5,8,4,0,0,0,2,1,0,1,2,0,0,0,2,0,4
2017,4,4,0,0,0,0,0,0,2,0,709.5539668,8,2.11E-162,1.93E-103,9.88E-08,0.00000168,0.00000148,4.19E-08,0.00E+00,18.02464059,SouthWest,3,5,2,0,0,0,0,1,0,1,0,0,0,0,0,0,0
2017,3,3,0,0,0,0,0,0,2,0,175.8817937,3,3.93E-166,1.29E-105,0.000000111,0.00000337,0.00000187,0.000000073,0,18.02464059,SouthWest,1,2,0,0,0,0,0,1,0,1,0,0,0,0,0,0,0
2017,1,0,0,0,0,0,0,0,1,0,709.5539668,8,2.18E-172,2.73E-109,0.00000026,0.00005,0.00000561,0.000000578,0,18.02464059,SouthWest,3,5,2,0,0,0,0,1,0,1,0,0,0,0,0,0,0
2017,3,3,0,0,0,0,0,0,1,0,587.8591467,8,7.79E-57,7.66E-42,1.68E-09,2.79E-08,0.0000455,0.00000141,0,14.30207661,NorthWest,1,7,1,0,0,0,0,0,0,2,2,0,0,0,0,0,2
2017,4,0,0,0,0,0,0,0,1,0,131.6237099,5,2.31E-93,3.90E-63,3.27E-10,8.54E-12,0.00000278,2.39E-09,0.00E+00,14.30207661,NorthWest,1,4,0,0,0,0,0,0,0,2,2,0,0,0,0,0,2
2017,4,0,0.00125,0,0,0,0.005,0,1,0,188.0807936,6,2.49E-114,2.31E-75,4.02E-11,1.46E-14,0.000000201,2.11E-11,0.00E+00,14.30207661,NorthWest,2,4,1,0,0,0,1,0,0,2,2,0,0,0,1,0,3
2017,3,3,0,0,0,0,0,0,1,0,25.74373789,3,2.28E-96,6.92E-65,2.94E-10,4.58E-12,0.00000228,1.45E-09,0.00E+00,14.30207661,NorthWest,0,3,0,0,0,0,0,0,0,2,1,0,0,0,0,0,1
2017,4,4,0,0,0,0,0,0,1,0,131.6237099,5,1.85E-88,2.85E-60,5.10E-10,3.66E-11,0.00000486,6.82E-09,0.00E+00,14.30207661,NorthWest,1,4,0,0,0,0,0,0,0,2,2,0,0,0,0,0,2
2017,4,4,0,0,0,0,0,0,1,0,225.5852848,6,9.50E-91,1.31E-61,4.23E-10,1.87E-11,0.00000362,4.04E-09,0.00E+00,14.30207661,NorthWest,2,4,0,0,0,0,0,0,0,2,2,0,0,0,0,0,2
2017,2,0,0,0,0,0,0,0,1,0,37.66213506,4,1.27E-90,1.55E-61,4.24E-10,1.91E-11,0.00000364,4.11E-09,0.00E+00,14.30207661,NorthWest,0,4,0,0,0,0,0,0,0,2,2,0,0,0,0,0,2
2017,3,3,0.00125,0,0,0,0.005,0,1,0,271.7837917,5,3.93E-111,1.69E-73,1.01E-10,8.93E-14,0.000000492,7.26E-11,0.00E+00,14.30207661,NorthWest,1,4,0,0,0,0,0,0,0,2,1,0,0,0,0,0,1
2017,4,0,0,0,0,0,0,0,1,0,188.0807936,6,2.45E-93,4.07E-63,3.69E-10,1.03E-11,0.00000291,2.51E-09,0.00E+00,14.30207661,NorthWest,2,4,1,0,0,0,1,0,0,2,2,0,0,0,1,0,3
2017,3,3,0,0,0,0,0,0,1,0,119.7053128,4,1.76E-98,4.05E-66,2.48E-10,2.55E-12,0.00000171,8.83E-10,0.00E+00,14.30207661,NorthWest,1,3,0,0,0,0,0,0,0,2,1,0,0,0,0,0,1
2017,1,1,0,0,0,0,0,0,1,0,225.5852848,6,1.20E-57,2.63E-42,1.37E-09,1.88E-08,0.0000391,0.0000011,0,14.30207661,NorthWest,2,4,0,0,0,0,0,0,0,2,2,0,0,0,0,0,2
2017,3,3,0,0,0,0,0,0,1,0,131.6237099,5,1.76E-58,8.60E-43,1.27E-09,1.49E-08,0.0000355,0.000000922,0,14.30207661,NorthWest,1,4,0,0,0,0,0,0,0,2,2,0,0,0,0,0,2
2017,0,0,0,0,0,0,0,0,1,0,44.81317337,4,2.42E-57,4.19E-42,1.21E-09,1.73E-08,0.0000361,0.00000104,0,20.97637903,NorthWest,0,4,0,0,0,0,0,0,0,2,2,0,0,0,0,0,2
2017,2,2,0.01,0,0,0,0.04,0,5,0,117.1990355,6,2.37E-22,1.72E-21,0.000000882,1.04216039,0.017368081,0.063240272,3.178239246,21.20287984,NorthEast,1,5,1,0,0,0,1,0,1,2,2,0,0,0,1,2,3
2017,1,1,0.00125,0,0,0,0.005,0,1,0,480.9813159,12,1.49E-22,1.23E-21,0.0000011,1.915635683,0.02296985,0.101979367,3.178239246,21.20287984,NorthEast,4,8,2,0,0,0,1,0,1,2,3,0,0,0,1,2,4
2017,1,1,0,0,0,0,0,0,1,0,471.9689957,12,2.43E-26,7.07E-24,0.0000013,1.937682865,0.028384076,0.120045505,3.178239246,21.20287984,NorthEast,4,8,2,0,0,0,1,0,1,2,3,0,0,0,1,2,4
2017,3,3,0,0,0,0,0,0,3,0,241.7163016,9,1.13E-22,1.07E-21,0.00000105,1.566284321,0.02168328,0.089239797,3.178239246,21.20287984,NorthEast,2,7,2,0,0,0,1,0,1,2,2,0,0,0,1,2,3
2017,3,3,0,0,0,0,0,0,5,0,338.0269158,10,2.60E-16,6.72E-18,0.000000209,0.068668219,0.007116046,0.018543543,3.178239246,21.20287984,NorthWest,3,7,2,0,0,0,1,0,1,2,2,0,0,0,1,2,3
2017,4,4,0.320625,0,0.0125,0.37,0.9,0.0125,5,2,461.5763669,11,1.10E-22,9.28E-22,0.00000456,6.530431556,0.078756178,0.346621661,36.04928118,61.34308444,NorthEast,5,6,3,0,0,1,2,0,2,2,2,0,0,1,2,3,4
2017,1,1,0,0,0,0,0,0,1,0,348.7731313,9,3.99E-18,4.82E-19,1.02E-11,3.03E-22,0.005378331,0.015565769,3.178239246,21.20287984,NorthEast,3,6,2,0,0,0,1,0,1,2,2,0,0,0,1,2,3
2017,1,1,0,0,0,0,0,0,1,0,252.4625171,8,3.45E-19,1.02E-19,1.29E-11,6.32E-22,0.005594525,0.017166999,0,24.38111908,NorthEast,2,6,2,0,0,0,1,0,0,3,2,0,0,0,1,0,3
2017,4,0,0.01,0,0,0,0.04,0,1,0,567.2120322,11,1.46E-20,2.26E-20,5.61E-12,3.02E-23,0.003652664,0.008625967,0,24.38111908,NorthEast,5,6,3,0,0,0,3,0,0,3,3,0,0,0,3,0,6
2017,4,0,0.08625,0,0,0.015,0.33,0,1,2,570.3902715,12,2.05E-18,4.02E-19,6.30E-12,4.72E-23,0.005293225,0.01714859,0,27.55935833,NorthEast,5,7,3,0,0,0,3,0,0,4,3,0,0,0,3,0,6
2017,4,0,0.13625,0,0,0.04,0.505,0,1,2,567.2120322,11,5.71E-20,3.16E-20,1.44E-11,1.07E-21,0.015332705,0.052336679,0,24.38111908,NorthEast,5,6,3,0,0,0,3,0,0,3,3,0,0,0,3,0,6
2017,4,0,0.00375,0,0,0.005,0.01,0,1,2,570.3902715,12,2.15E-18,4.00E-19,7.21E-12,7.77E-23,0.004231406,0.009854476,0,27.55935833,NorthEast,5,7,3,0,0,0,2,0,0,4,2,0,0,0,2,0,4
2017,3,3,0.0175,0,0,0.045,0.025,0,1,0,445.6125539,11,5.39E-23,7.10E-22,1.04E-11,2.95E-22,0.008657494,0.020218925,3.178239246,34.98402586,NorthEast,4,7,2,0,0,0,1,0,1,3,2,0,0,0,1,3,3
2017,5,0,0,0,0,0,0,0,1,0,458.0769825,6,5.56E-109,3.21E-72,4.34E-10,3.00E-15,0.000000609,1.80E-10,0.00E+00,0,NorthWest,3,3,2,0,0,0,1,0,0,0,2,0,0,0,1,0,0
2017,4,0,0,0,0,0,0,0,1,0,458.0769825,6,3.02E-109,2.25E-72,4.16E-10,2.61E-15,0.000000591,1.70E-10,0.00E+00,0,NorthWest,3,3,2,0,0,0,1,0,0,0,2,0,0,0,1,0,0
2017,4,4,0,0,0,0,0,0,1,0,458.0769825,6,8.85E-109,4.21E-72,4.43E-10,3.20E-15,0.000000621,1.87E-10,0.00E+00,0,NorthWest,3,3,2,0,0,0,1,0,0,0,2,0,0,0,1,0,0
2017,4,0,0,0,0,0,0,0,1,0,458.0769825,6,1.08E-107,1.81E-71,4.65E-10,3.62E-15,0.000000692,2.32E-10,0.00E+00,0,NorthWest,3,3,2,0,0,0,1,0,0,0,2,0,0,0,1,0,0
2017,3,3,0,0,0,0,0,0,1,0,458.0769825,6,3.60E-106,1.40E-70,5.28E-10,5.28E-15,0.000000808,3.16E-10,0.00E+00,0,NorthWest,3,3,2,0,0,0,1,0,0,0,2,0,0,0,1,0,0
2017,4,0,0.00125,0,0,0,0.005,0,1,2,326.738211,4,1.05E-104,9.94E-70,6.32E-10,9.54E-15,0.000000933,4.23E-10,0.00E+00,0,NorthWest,2,2,1,0,0,0,0,0,0,0,1,0,0,0,0,0,0
2017,1,1,0,0,0,0,0,0,1,0,502.1440949,7,3.76E-103,7.96E-69,7.52E-10,1.63E-14,0.0000011,5.80E-10,0.00E+00,0,NorthWest,4,3,2,0,0,0,2,0,0,0,2,0,0,0,1,0,0
2017,4,0,0,0,0,0,0,0,1,0,370.8053234,5,5.54E-102,3.81E-68,8.79E-10,2.63E-14,0.00000123,7.35E-10,0.00E+00,0,NorthWest,3,2,1,0,0,0,1,0,0,0,1,0,0,0,0,0,0
2017,3,3,0,0,0,0,0,0,1,0,458.0769825,6,2.95E-107,3.20E-71,9.83E-10,4.77E-14,0.000000751,2.65E-10,0.00E+00,0,NorthWest,3,3,2,0,0,0,1,0,0,0,2,0,0,0,1,0,0
2017,3,3,0,0,0,0,0,0,1,0,326.738211,4,2.86E-117,2.33E-77,3.17E-10,1.34E-15,0.000000294,4.09E-11,0.00E+00,0,NorthWest,2,2,1,0,0,0,0,0,0,0,1,0,0,0,0,0,0
2017,1,1,0,0,0,0,0,0,1,0,326.738211,4,1.05E-117,1.31E-77,4.00E-10,3.09E-15,0.000000286,3.83E-11,0.00E+00,0,NorthWest,2,2,1,0,0,0,0,0,0,0,1,0,0,0,0,0,0
2017,2,2,0,0,0,0,0,0,2,0,658.0923648,7,8.06E-198,3.21E-124,0.00000362,0.035474348,0.0000957,0.0000562,0,55.89342371,SouthEast,3,4,0,0,0,0,1,0,0,2,2,0,0,0,0,0,3
2017,0,0,0,0,0,0,0,0,3,0,379.6230511,6,6.06E-195,1.53E-122,0.00000383,0.043783089,0.000107166,0.0000705,0,55.89342371,SouthEast,1,5,0,0,0,0,1,0,0,2,3,0,0,0,0,0,4
2017,3,3,0,0,0,0,0,0,5,0,469.5771869,6,6.14E-192,1.20E-120,8.59E-09,1.22E-08,0.000000225,1.90E-09,0.00E+00,55.89342371,SouthWest,2,4,0,0,0,0,1,0,0,2,2,0,0,0,0,0,3
2017,3,3,0,0,0,0,0,0,2,0,718.6027835,8,5.18E-197,1.04E-123,0.000000602,0.011556681,0.000041,0.000052,62.2499022,0,SouthEast,2,6,0,0,0,0,0,0,2,0,2,0,0,0,0,0,0
2017,3,3,0,0,0,0,0,0,5,0,763.5227337,8,9.70E-195,2.18E-122,0.00000111,0.022740044,0.0000626,0.0000785,0,62.2499022,SouthEast,3,5,0,0,0,0,1,0,0,2,2,0,0,0,0,0,3
2017,3,3,0,0,0,0,0,0,2,0,475.9336654,6,5.23E-195,1.52E-122,0.00000157,0.041036915,0.0000825,0.000114405,62.2499022,0,SouthEast,2,4,0,0,0,0,1,0,2,0,2,0,0,0,0,0,0
2017,1,1,0,0,0,0,0,0,1,0,664.4488432,7,2.02E-201,2.61E-126,0.00000697,0.42420976,0.000238724,0.00036937,62.2499022,0,SouthEast,3,4,0,0,0,0,1,0,2,0,2,0,0,0,0,0,0
2017,3,3,0,0,0,0,0,0,3,0,763.5227337,8,9.82E-201,6.57E-126,0.0000075,0.658553043,0.000307107,0.000610979,0,62.2499022,SouthEast,3,5,0,0,0,0,1,0,0,2,2,0,0,0,0,0,3
2017,3,3,0,0,0,0,0,0,3,0,602.198941,5,5.47E-202,1.28E-126,0.000000771,0.065127619,0.000105556,0.000292981,0,0,SouthEast,3,2,0,0,0,0,1,0,0,0,2,0,0,0,0,0,0
2017,1,1,0,0,0,0,0,0,3,0,664.4488432,7,2.84E-201,3.38E-126,0.00000263,0.273453024,0.000270566,0.000742158,62.2499022,0,SouthEast,3,4,0,0,0,0,1,0,2,0,2,0,0,0,0,0,0
2017,1,1,0.00125,0,0,0,0.005,0,3,0,763.5227337,8,7.22E-201,5.78E-126,0.00000482,0.511994149,0.000321855,0.000807561,62.2499022,0,SouthEast,3,5,0,0,0,0,1,0,2,0,2,0,0,0,0,0,0
2017,1,1,0.0025,0,0,0,0.01,0,1,0,664.4488432,7,1.60E-200,9.28E-126,0.00000113,0.075225815,0.000109861,0.00026283,62.2499022,0,SouthEast,3,4,0,0,0,0,1,0,2,0,2,0,0,0,0,0,0
2017,3,3,0.015,0,0,0,0.06,0,2,0,868.9531026,10,1.73E-204,4.47E-128,0.000000949,0.060706403,0.000133308,0.000333486,62.2499022,0,SouthEast,3,7,0,0,0,0,1,0,2,0,3,0,0,0,0,0,0
2017,3,3,0.0025,0,0,0,0.01,0,5,0,713.9857885,8,3.09E-204,6.21E-128,0.000000951,0.092603612,0.000137285,0.000429642,62.2499022,0,SouthEast,3,5,0,0,0,0,1,0,2,0,2,0,0,0,0,0,0
2017,3,3,0.00375,0,0,0.005,0.01,0,2,0,868.9531026,10,2.07E-204,4.96E-128,0.00000108,0.147118023,0.00235557,0.004373439,62.2499022,0,SouthEast,3,7,0,0,0,0,1,0,2,0,3,0,0,0,0,0,0
2017,4,0,0.055625,0,0.0025,0,0.22,0.0025,3,2,911.1097766,10,9.23E-205,2.90E-128,0.0000496,2.516811081,6.81E-11,1.71E-18,6.22E+01,0,SouthEast,5,5,1,0,0,0,2,0,2,0,3,0,0,0,1,0,0
2017,0,0,0,0,0,0,0,0,2,0,469.5771869,6,1.36E-208,1.79E-130,0,0,4.88E-11,8.33E-19,0.00E+00,55.89342371,SouthEast,2,4,0,0,0,0,1,0,0,2,2,0,0,0,0,0,3
2017,3,3,0.00375,0,0,0,0.015,0,2,0,868.9531026,10,1.88E-201,2.67E-126,0,0,9.37E-11,3.23E-18,6.22E+01,0,SouthEast,3,7,0,0,0,0,1,0,2,0,3,0,0,0,0,0,0
2017,3,3,0,0,0,0,0,0,5,0,757.1662552,8,3.65E-200,1.50E-125,0,0,1.06E-10,4.14E-18,0.00E+00,55.89342371,SouthEast,3,5,0,0,0,0,1,0,0,2,2,0,0,0,0,0,3
2017,0,0,0,0,0,0,0,0,2,0,451.1651927,7,2.69E-153,3.42E-98,0,0,9.26E-09,3.78E-14,5.59E+01,6.356478492,SouthEast,2,5,0,0,0,0,1,0,2,1,2,0,0,0,0,1,3
2017,3,3,0.00625,0,0,0,0.025,0,2,0,670.8053217,8,9.10E-154,1.82E-98,0,0,9.03E-09,3.52E-14,6.22E+01,6.356478492,SouthEast,3,5,0,0,0,0,1,0,2,1,2,0,0,0,0,1,3
2017,4,0,0,0,0,0,0,0,3,0,658.0923648,7,9.21E-188,3.08E-118,0,0,3.58E-10,4.62E-17,0.00E+00,55.89342371,SouthWest,3,4,0,0,0,0,1,0,0,2,2,0,0,0,0,0,3
2017,0,0,0,0,0,0,0,0,3,0,531.8270891,9,1.21E-187,3.62E-118,0,0,3.62E-10,4.72E-17,0.00E+00,111.7868474,SouthWest,2,7,0,0,0,0,1,0,0,4,3,0,0,0,0,0,4
2017,1,1,0.0675,0,0,0,0.27,0,2,2,215.1480517,5,2.79E-262,1.11E-161,0,0,2.04E-13,1.58E-23,0.00E+00,0,SouthWest,1,4,0,0,0,0,0,0,0,0,4,0,0,0,0,0,0
2017,4,4,0.0475,0,0,0,0.19,0,4,0,398.8259919,8,3.94E-259,7.59E-160,0,0,2.76E-13,2.92E-23,0.00E+00,0,SouthWest,1,7,0,0,0,0,0,0,0,0,7,0,0,0,0,0,0
2017,4,0,0,0,0,0,0,0,2,0,232.3744842,5,7.25E-251,5.01E-155,0,0,6.60E-13,1.58E-22,0.00E+00,0,SouthWest,1,4,0,0,0,0,0,0,0,0,4,0,0,0,0,0,0
2017,4,4,0.001666667,0,0,0,0.005,0,1,2,358.0744366,7,2.61E-252,7.21E-156,0,0,5.78E-13,1.20E-22,0.00E+00,0,SouthWest,1,6,0,0,0,0,0,0,0,0,3,0,0,0,0,0,0
2017,2,0,0,0,0,0,0,0,1,0,100.3180533,2,7.07E-249,7.25E-154,0,0,8.09E-13,2.36E-22,0.00E+00,0,SouthWest,1,1,0,0,0,0,0,0,0,0,1,0,0,0,0,0,0
2017,0,0,0,0,0,0,0,0,1,0,232.3744842,5,1.23E-261,2.62E-161,0,0,2.17E-13,1.79E-23,0.00E+00,0,SouthWest,1,4,0,0,0,0,0,0,0,0,4,0,0,0,0,0,0
2017,3,3,0,0,0,0,0,0,1,0,232.3744842,5,7.86E-254,9.31E-157,0,0,4.45E-13,7.93E-23,0.00E+00,0,SouthWest,1,4,0,0,0,0,0,0,0,0,4,0,0,0,0,0,0
2017,2,2,0.06125,0,0,0,0.245,0,1,0,420.3450792,9,1.53E-16,2.92E-18,0,0,0.00460002,0.013516848,3.178239246,42.40575966,NorthWest,3,6,1,0,0,0,1,0,1,2,3,0,0,0,1,2,4
2017,3,3,0.00375,0,0,0,0.015,0,1,0,218.7532379,7,1.01E-15,9.74E-18,0,0,0.004875389,0.015046803,8.613216263,42.40575966,NorthEast,1,6,0,0,0,0,0,0,1,2,3,0,0,0,0,2,3
2017,4,0,0.0325,0,0,0.01,0.12,0,2,0,662.0846256,13,1.42E-15,1.46E-17,0,0,0.008693395,0.028477971,3.178239246,42.40575966,NorthEast,4,9,3,0,0,0,2,1,1,2,4,0,0,0,2,2,6
2017,1,1,0,0,0,0,0,0,1,0,213.3182608,7,1.53E-12,1.07E-15,0,0,0.005137608,0.018407971,3.178239246,42.40575966,NorthWest,1,6,0,0,0,0,0,0,1,2,3,0,0,0,0,2,3
2017,3,3,0.013125,0.0025,0,0.015,0.035,0.0025,3,2,435.1107837,10,1.53E-12,1.11E-15,0,0,0.012369668,0.035028055,3.178239246,42.40575966,NorthWest,3,7,1,0,0,0,2,1,1,2,3,0,0,0,1,2,5
2017,3,3,0.00125,0,0,0.005,0,0,3,0,253.2061029,9,0,0,0,0,0.00844672,0.016363469,8.613216263,42.40575966,NorthWest,1,8,0,0,0,0,0,1,1,2,4,0,0,0,0,2,4
2017,4,0,0.07125,0,0,0.045,0.24,0,1,0,473.8702569,11,0,0,0,0,0.028328411,0.074510887,3.178239246,42.40575966,NorthWest,3,8,2,0,0,0,2,1,1,2,4,0,0,0,2,2,6
2017,4,4,0.00375,0,0,0.01,0.005,0,2,0,213.3182608,7,0,0,0,0,0.005525497,0.006418466,3.178239246,42.40575966,NorthWest,1,6,0,0,0,0,0,0,1,2,3,0,0,0,0,2,3
2017,4,0,0.07,0,0,0.015,0.265,0,1,0,749.7820235,13,0,0,0,0,0.014602256,0.043131405,3.178239246,42.40575966,NorthWest,5,8,3,0,0,0,2,0,1,2,4,0,0,0,2,2,6
2017,3,3,0.025,0,0,0,0.1,0,5,0,187.478612,6,0,0,0,0,0.0000715,0.000092,3.178239246,42.40575966,NorthWest,1,5,0,0,0,0,0,0,1,2,2,0,0,0,0,2,2
2017,3,3,0,0,0,0,0,0,5,0,183.6254582,7,0,0,0,0,0.000153835,0.000835151,3.178239246,12.71295698,NorthWest,1,6,0,0,0,0,0,0,1,2,3,0,0,0,0,2,3
2017,4,0,0.00125,0,0,0.005,0,0,2,0,614.3570699,14,0,0,0,0,0.002071256,0.004497366,3.178239246,42.40575966,NorthWest,4,10,2,0,0,0,2,1,1,2,5,0,0,0,2,2,7
